Workbook
Name Slicer_Metric: #N/A
Name Slicer_Metric1: #N/A

Sheet Cover
E16: SOCIAL MEDIA ANALYTICS DASHBOARD
G17: SEASON: 2026/27
E19: Prepared for : XXXXXXXX
E20: Prepared by : Raj Singh
I26: Version 1.2 (July 2026)
I27: Last Updated: 31/07/2026
D31: © 2026 Raj Singh. This dashboard and its design may not be reproduced, distributed or modified without permission.

Sheet User Guide
A1: Raj Singh (2026)
V3: Dashboard Version | W3: v1.0
V4: Prepared for: | W4: XXXXX
V5: Prepared by: | W5: Raj Singh
C41: APPENDIX
H44: * Manipulated Data
C45: a) | D45: Reading the simplified charts:
D46: Select the 'Processed Data' sheet from the panel below
D47: Find the corresponding month highlighted in yellow at the top
D48: Each media channel is listed down the side
D49: There you can see the monthly change on the previous month
D50: Green indicates an increase, Red indicates a decrease and the value is the raw amount
H56: ** Dynamic Graphs
C57: a) | D57: Understanding the tab:
D58: Select the 'Dynamic Graphs' sheet from the bottom pannel
D59: Here there will be a few tables: the green table is raw data, blue is filtered
D60: On the right are 3 charts that will change based on the next steps
C62: b) | D62: Preparing the Data for a graph:
D63: Firstly, a graph will only be correctly generated if the data in step 1 ("Data") is correct and up to date
D64: Once the "Data" tab is complete - make sure you are working in the "Dynamic Graphs" sheet
D65: Right click anywhere in the GREEN table, then press "Refresh" - this is to ensure the data is up to date
D66: IF YOU CAN'T DO THAT - click normally anywhere in the GREEN table --> "Table Design" at the top --> Refresh
D67: Then, Right click anywhere in the BLUE table, then press "Refresh" - this ensures the blue matches the green
C69: c) | D69: Making the graphs:
D70: Now after steps 3.1 and 3.2, the graphs can be made easily
D71: There is a 'slicer' which looks like a TV channel guide inbetween the BLUE table and the bar chart
D72: Scroll down and click whichever metric you would like to display
D73: The 3 charts should then update accordingly
C75: d) | D75: Changing the graph appearance:
D76: TITLE/ AXIS LABEL - click once where it says "CHANGE TITLE NAME" or "Axis Title" and then drag your cursor so the text is selected, then type in the title you want
D77: COLOUR/ BARS - click once on any bar or line in the chart --> "Design" at the top --> play around with the colour changes
D78: ADDED EXTRAS - Click anywhere on the white box of a chart --> at the top right there will be a green PLUS and a blue PAINTBRUSH --> these features can add extras that may be useful

Sheet Dashboard
E2: Social Media Performance Dashboard | V2: Last Updated | W2: Current Month | AU2: FOR RAJ USE - LINKED/ CODED CELLS | BA2: Helper | BB2: {=_xlfn.SWITCH(M5, "X","X - ", "TikTok","TT - ", "Instagram","IG - ", "Threads","THREADS - ", "Facebook","FB - ", "LinkedIn","LINKEDIN - ", "")} -> X - | BJ2: Metric | BK2: Card Title | BL2: Value | BM2: Display Val | BN2: Growth | BO2: Growth Display | BQ2: Platform | BR2: Primary Chart Metric | BU2: Chart 1 | BX2: Chart 2 | CB2: Chart 3 (BR) | CJ2: Bottom Left
E3: Season 2026/27 | V3: 46204 | W3: =TODAY() -> 46262 | BB3: {=_xlfn._xlws.FILTER(MensData[Metric],LEFT(MensData[Metric],LEN($BB$2))=$BB$2,"")} -> X - Followers | BJ3: {=IFERROR(INDEX(_xlfn.ANCHORARRAY($BB$3),ROWS($BF$2:BF2)),"")} -> X - Followers | BK3: =IF(BJ3="","",TRIM(_xlfn.TEXTAFTER(BJ3,"-"))) -> Followers | BL3: {=IF(BJ3="","",INDEX('Data Entry'!$D$5:$Q$34,_xlfn.XMATCH(BJ3,'Data Entry'!$C$5:$C$34,0),_xlfn.XMATCH($N$5,'Data Entry'!$D$4:$Q$4,0)))} -> 242000 | BM3: =IF(BL3="","", IF(ISNUMBER(SEARCH("Engagement rate",BK3)), TEXT(BL3,"0.0%"), TEXT(BL3,"#,##0"))) -> 242,000 | BN3: {=IF(BJ3="","",INDEX('Data Entry'!$AA$5:$AN$34,_xlfn.XMATCH(BJ3,'Data Entry'!$Z$5:$Z$34,0),_xlfn.XMATCH($N$5,'Data Entry'!$AA$4:$AN$4,0)))} -> 0.0029009532 | BO3: =IF(BN3="","",IF(BN3>0,"▲ "&TEXT(BN3,"0.00%"),IF(BN3<0,"▼ "&TEXT(ABS(BN3),"0.00%"),"▬ 0.00%"))) -> ▲ 0.29% | BQ3: X | BR3: ='Data Entry'!C6 -> X - Impressions | BS3: =_xlfn.XLOOKUP(C24,$BQ$3:$BQ$8,$BR$3:$BR$8) -> THREADS - Views | BU3: Month | BV3: Value | BX3: Month | BY3: Value | BZ3: =TRIM(_xlfn.TEXTAFTER($V$24,)) & " by Month" -> X - Profile visits by Month | CB3: Month | CC3: Value | CD3: =TRIM(_xlfn.TEXTAFTER($V$34,))&" Insights" -> X - Video Views Insights | CF3: =$U$34&" - "&TRIM(_xlfn.TEXTAFTER(CD3,"-")) -> X - Video Views Insights | CJ3: Highest KPI: | CK3: {=INDEX($CM$23:$CM$40,_xlfn.XMATCH(MAX($CN$23:$CN$40),$CN$23:$CN$40))} -> Views | CL3: =MAX($CN$23:$CN$40) -> 486000 | CN3: =CK3&" ("&TEXT(CL3,"#,##0")&")" -> Views (486,000) | CQ3: =$C$34&"-"&" Executive Summary"&" ("&N5&")" -> TikTok- Executive Summary (Dec-26)
M4: Platform ▼ | N4: Month ▼ | BB4: X - Impressions | BJ4: {=IFERROR(INDEX(_xlfn.ANCHORARRAY($BB$3),ROWS($BF$2:BF3)),"")} -> X - Impressions | BK4: =IF(BJ4="","",TRIM(_xlfn.TEXTAFTER(BJ4,"-"))) -> Impressions | BL4: {=IF(BJ4="","",INDEX('Data Entry'!$D$5:$Q$34,_xlfn.XMATCH(BJ4,'Data Entry'!$C$5:$C$34,0),_xlfn.XMATCH($N$5,'Data Entry'!$D$4:$Q$4,0)))} -> 3900000 | BM4: =IF(BL4="","", IF(ISNUMBER(SEARCH("Engagement rate",BK4)), TEXT(BL4,"0.0%"), TEXT(BL4,"#,##0"))) -> 3,900,000 | BN4: {=IF(BJ4="","",INDEX('Data Entry'!$AA$5:$AN$34,_xlfn.XMATCH(BJ4,'Data Entry'!$Z$5:$Z$34,0),_xlfn.XMATCH($N$5,'Data Entry'!$AA$4:$AN$4,0)))} -> -0.11363636 | BO4: =IF(BN4="","",IF(BN4>0,"▲ "&TEXT(BN4,"0.00%"),IF(BN4<0,"▼ "&TEXT(ABS(BN4),"0.00%"),"▬ 0.00%"))) -> ▼ 11.36% | BQ4: TikTok | BR4: ='Data Entry'!C16 -> TT - Views | BS4: =$C$24&" - "&TRIM(_xlfn.TEXTAFTER(BS3,"-"))&" Trend" -> Threads - Views Trend | BU4: =MensData[[#Headers],[May-26]] -> May-26 | BV4: {=INDEX('Data Entry'!$D$5:$Q$34, _xlfn.XMATCH($BS$3,'Data Entry'!$C$5:$C$34,0), _xlfn.XMATCH(BU4,'Data Entry'!$D$4:$Q$4,0))} -> 17600 | BX4: =BU4 -> May-26 | BY4: {=INDEX('Data Entry'!$D$5:$Q$34, _xlfn.XMATCH($V$24,'Data Entry'!$C$5:$C$34,0), _xlfn.XMATCH(BX4,'Data Entry'!$D$4:$Q$4,0))} -> 29800 | CB4: =BX4 -> May-26 | CC4: {=INDEX('Data Entry'!$D$5:$Q$34, _xlfn.XMATCH($V$34,'Data Entry'!$C$5:$C$34,0), _xlfn.XMATCH(CB4,'Data Entry'!$D$4:$Q$4,0))} -> 342600 | CF4: Peak Month: | CG4: =_xlfn.XLOOKUP(MAX(CC4:CC17),CC4:CC17,CB4:CB17) -> Jul-26 | CJ4: Largest Increase: | CK4: {=INDEX($CM$23:$CM$40,_xlfn.XMATCH(MAX($CO$23:$CO$40),$CO$23:$CO$40))} -> New Viewers | CL4: =MAX($CO$23:$CO$40) -> 3.3809524 | CN4: =CK4&" (+"&TEXT(CL4,"0.0%")&")" -> New Viewers (+338.1%)
M5: X | N5: Dec-26 | BB5: X - Engagement rate | BJ5: {=IFERROR(INDEX(_xlfn.ANCHORARRAY($BB$3),ROWS($BF$2:BF4)),"")} -> X - Engagement rate | BK5: =IF(BJ5="","",TRIM(_xlfn.TEXTAFTER(BJ5,"-"))) -> Engagement rate | BL5: {=IF(BJ5="","",INDEX('Data Entry'!$D$5:$Q$34,_xlfn.XMATCH(BJ5,'Data Entry'!$C$5:$C$34,0),_xlfn.XMATCH($N$5,'Data Entry'!$D$4:$Q$4,0)))} -> 0.046 | BM5: =IF(BL5="","", IF(ISNUMBER(SEARCH("Engagement rate",BK5)), TEXT(BL5,"0.0%"), TEXT(BL5,"#,##0"))) -> 4.6% | BN5: {=IF(BJ5="","",INDEX('Data Entry'!$AA$5:$AN$34,_xlfn.XMATCH(BJ5,'Data Entry'!$Z$5:$Z$34,0),_xlfn.XMATCH($N$5,'Data Entry'!$AA$4:$AN$4,0)))} -> 0.095238095 | BO5: =IF(BN5="","",IF(BN5>0,"▲ "&TEXT(BN5,"0.00%"),IF(BN5<0,"▼ "&TEXT(ABS(BN5),"0.00%"),"▬ 0.00%"))) -> ▲ 9.52% | BQ5: Instagram | BR5: ='Data Entry'!C22 -> IG - Reel and Post Views | BU5: =MensData[[#Headers],[Jun-26]] -> Jun-26 | BV5: {=INDEX('Data Entry'!$D$5:$Q$34, _xlfn.XMATCH($BS$3,'Data Entry'!$C$5:$C$34,0), _xlfn.XMATCH(BU5,'Data Entry'!$D$4:$Q$4,0))} -> 32400 | BX5: =BU5 -> Jun-26 | BY5: {=INDEX('Data Entry'!$D$5:$Q$34, _xlfn.XMATCH($V$24,'Data Entry'!$C$5:$C$34,0), _xlfn.XMATCH(BX5,'Data Entry'!$D$4:$Q$4,0))} -> 89200 | CB5: =BX5 -> Jun-26 | CC5: {=INDEX('Data Entry'!$D$5:$Q$34, _xlfn.XMATCH($V$34,'Data Entry'!$C$5:$C$34,0), _xlfn.XMATCH(CB5,'Data Entry'!$D$4:$Q$4,0))} -> 493400 | CF5: Peak Value: | CG5: =MAX(CC4:CC17) -> 698800 | CJ5: Largest Decrease: | CK5: {=INDEX($CM$23:$CM$40,_xlfn.XMATCH(MIN($CO$23:$CO$40),$CO$23:$CO$40))} -> Comments | CL5: =MIN($CO$23:$CO$40) -> 0.13513514 | CN5: =CK5&" ("&TEXT(CL5,"0.0%")&")" -> Comments (13.5%)
BB6: X - Engagements | BJ6: {=IFERROR(INDEX(_xlfn.ANCHORARRAY($BB$3),ROWS($BF$2:BF5)),"")} -> X - Engagements | BK6: =IF(BJ6="","",TRIM(_xlfn.TEXTAFTER(BJ6,"-"))) -> Engagements | BL6: {=IF(BJ6="","",INDEX('Data Entry'!$D$5:$Q$34,_xlfn.XMATCH(BJ6,'Data Entry'!$C$5:$C$34,0),_xlfn.XMATCH($N$5,'Data Entry'!$D$4:$Q$4,0)))} -> 183400 | BM6: =IF(BL6="","", IF(ISNUMBER(SEARCH("Engagement rate",BK6)), TEXT(BL6,"0.0%"), TEXT(BL6,"#,##0"))) -> 183,400 | BN6: {=IF(BJ6="","",INDEX('Data Entry'!$AA$5:$AN$34,_xlfn.XMATCH(BJ6,'Data Entry'!$Z$5:$Z$34,0),_xlfn.XMATCH($N$5,'Data Entry'!$AA$4:$AN$4,0)))} -> -0.033210332 | BO6: =IF(BN6="","",IF(BN6>0,"▲ "&TEXT(BN6,"0.00%"),IF(BN6<0,"▼ "&TEXT(ABS(BN6),"0.00%"),"▬ 0.00%"))) -> ▼ 3.32% | BQ6: Threads | BR6: ='Data Entry'!C26 -> THREADS - Views | BU6: =MensData[[#Headers],[Jul-26]] -> Jul-26 | BV6: {=INDEX('Data Entry'!$D$5:$Q$34, _xlfn.XMATCH($BS$3,'Data Entry'!$C$5:$C$34,0), _xlfn.XMATCH(BU6,'Data Entry'!$D$4:$Q$4,0))} -> 17000 | BX6: =BU6 -> Jul-26 | BY6: {=INDEX('Data Entry'!$D$5:$Q$34, _xlfn.XMATCH($V$24,'Data Entry'!$C$5:$C$34,0), _xlfn.XMATCH(BX6,'Data Entry'!$D$4:$Q$4,0))} -> 100600 | CB6: =BX6 -> Jul-26 | CC6: {=INDEX('Data Entry'!$D$5:$Q$34, _xlfn.XMATCH($V$34,'Data Entry'!$C$5:$C$34,0), _xlfn.XMATCH(CB6,'Data Entry'!$D$4:$Q$4,0))} -> 698800 | CF6: Lowest Month: | CG6: =_xlfn.XLOOKUP(_xlfn.MINIFS(CC4:CC17,CC4:CC17,">0"),CC4:CC17,CB4:CB17) -> Nov-26 | CJ6: KPIs Improving: | CK6: =COUNTIF($CO$23:$CO$39,">0")&" / "&COUNTIF($CL$23:$CL$39,"?*") -> 6 / 6
BB7: X - Profile visits | BJ7: {=IFERROR(INDEX(_xlfn.ANCHORARRAY($BB$3),ROWS($BF$2:BF6)),"")} -> X - Profile visits | BK7: =IF(BJ7="","",TRIM(_xlfn.TEXTAFTER(BJ7,"-"))) -> Profile visits | BL7: {=IF(BJ7="","",INDEX('Data Entry'!$D$5:$Q$34,_xlfn.XMATCH(BJ7,'Data Entry'!$C$5:$C$34,0),_xlfn.XMATCH($N$5,'Data Entry'!$D$4:$Q$4,0)))} -> 33900 | BM7: =IF(BL7="","", IF(ISNUMBER(SEARCH("Engagement rate",BK7)), TEXT(BL7,"0.0%"), TEXT(BL7,"#,##0"))) -> 33,900 | BN7: {=IF(BJ7="","",INDEX('Data Entry'!$AA$5:$AN$34,_xlfn.XMATCH(BJ7,'Data Entry'!$Z$5:$Z$34,0),_xlfn.XMATCH($N$5,'Data Entry'!$AA$4:$AN$4,0)))} -> -0.1285347 | BO7: =IF(BN7="","",IF(BN7>0,"▲ "&TEXT(BN7,"0.00%"),IF(BN7<0,"▼ "&TEXT(ABS(BN7),"0.00%"),"▬ 0.00%"))) -> ▼ 12.85% | BQ7: Facebook | BR7: ='Data Entry'!C28 -> FB - Views | BU7: =MensData[[#Headers],[Aug-26]] -> Aug-26 | BV7: {=INDEX('Data Entry'!$D$5:$Q$34, _xlfn.XMATCH($BS$3,'Data Entry'!$C$5:$C$34,0), _xlfn.XMATCH(BU7,'Data Entry'!$D$4:$Q$4,0))} -> 22400 | BX7: =BU7 -> Aug-26 | BY7: {=INDEX('Data Entry'!$D$5:$Q$34, _xlfn.XMATCH($V$24,'Data Entry'!$C$5:$C$34,0), _xlfn.XMATCH(BX7,'Data Entry'!$D$4:$Q$4,0))} -> 71900 | CB7: =BX7 -> Aug-26 | CC7: {=INDEX('Data Entry'!$D$5:$Q$34, _xlfn.XMATCH($V$34,'Data Entry'!$C$5:$C$34,0), _xlfn.XMATCH(CB7,'Data Entry'!$D$4:$Q$4,0))} -> 613900 | CF7: Lowest Value: | CG7: =_xlfn.MINIFS(CC4:CC17,CC4:CC17,">0") -> 207700 | CJ7: KPIs Declining: | CK7: =COUNTIF($CO$23:$CO$39,"<0")&" / "&COUNTIF($CL$23:$CL$39,"?*") -> 0 / 6
BB8: X - Replies | BJ8: {=IFERROR(INDEX(_xlfn.ANCHORARRAY($BB$3),ROWS($BF$2:BF7)),"")} -> X - Replies | BK8: =IF(BJ8="","",TRIM(_xlfn.TEXTAFTER(BJ8,"-"))) -> Replies | BL8: {=IF(BJ8="","",INDEX('Data Entry'!$D$5:$Q$34,_xlfn.XMATCH(BJ8,'Data Entry'!$C$5:$C$34,0),_xlfn.XMATCH($N$5,'Data Entry'!$D$4:$Q$4,0)))} -> 3900 | BM8: =IF(BL8="","", IF(ISNUMBER(SEARCH("Engagement rate",BK8)), TEXT(BL8,"0.0%"), TEXT(BL8,"#,##0"))) -> 3,900 | BN8: {=IF(BJ8="","",INDEX('Data Entry'!$AA$5:$AN$34,_xlfn.XMATCH(BJ8,'Data Entry'!$Z$5:$Z$34,0),_xlfn.XMATCH($N$5,'Data Entry'!$AA$4:$AN$4,0)))} -> 0.21875 | BO8: =IF(BN8="","",IF(BN8>0,"▲ "&TEXT(BN8,"0.00%"),IF(BN8<0,"▼ "&TEXT(ABS(BN8),"0.00%"),"▬ 0.00%"))) -> ▲ 21.88% | BQ8: Linkedin | BR8: ='Data Entry'!C32 -> LINKEDIN - Impressions | BU8: =MensData[[#Headers],[Sep-26]] -> Sep-26 | BV8: {=INDEX('Data Entry'!$D$5:$Q$34, _xlfn.XMATCH($BS$3,'Data Entry'!$C$5:$C$34,0), _xlfn.XMATCH(BU8,'Data Entry'!$D$4:$Q$4,0))} -> 15600 | BX8: =BU8 -> Sep-26 | BY8: {=INDEX('Data Entry'!$D$5:$Q$34, _xlfn.XMATCH($V$24,'Data Entry'!$C$5:$C$34,0), _xlfn.XMATCH(BX8,'Data Entry'!$D$4:$Q$4,0))} -> 68100 | CB8: =BX8 -> Sep-26 | CC8: {=INDEX('Data Entry'!$D$5:$Q$34, _xlfn.XMATCH($V$34,'Data Entry'!$C$5:$C$34,0), _xlfn.XMATCH(CB8,'Data Entry'!$D$4:$Q$4,0))} -> 322100 | CF8: Monthly Average: | CG8: =AVERAGEIF(CC4:CC17,"<>0") -> 435595.86
BB9: X - Likes | BJ9: {=IFERROR(INDEX(_xlfn.ANCHORARRAY($BB$3),ROWS($BF$2:BF8)),"")} -> X - Likes | BK9: =IF(BJ9="","",TRIM(_xlfn.TEXTAFTER(BJ9,"-"))) -> Likes | BL9: {=IF(BJ9="","",INDEX('Data Entry'!$D$5:$Q$34,_xlfn.XMATCH(BJ9,'Data Entry'!$C$5:$C$34,0),_xlfn.XMATCH($N$5,'Data Entry'!$D$4:$Q$4,0)))} -> 26300 | BM9: =IF(BL9="","", IF(ISNUMBER(SEARCH("Engagement rate",BK9)), TEXT(BL9,"0.0%"), TEXT(BL9,"#,##0"))) -> 26,300 | BN9: {=IF(BJ9="","",INDEX('Data Entry'!$AA$5:$AN$34,_xlfn.XMATCH(BJ9,'Data Entry'!$Z$5:$Z$34,0),_xlfn.XMATCH($N$5,'Data Entry'!$AA$4:$AN$4,0)))} -> 0.16888889 | BO9: =IF(BN9="","",IF(BN9>0,"▲ "&TEXT(BN9,"0.00%"),IF(BN9<0,"▼ "&TEXT(ABS(BN9),"0.00%"),"▬ 0.00%"))) -> ▲ 16.89% | BU9: =MensData[[#Headers],[Oct-26]] -> Oct-26 | BV9: {=INDEX('Data Entry'!$D$5:$Q$34, _xlfn.XMATCH($BS$3,'Data Entry'!$C$5:$C$34,0), _xlfn.XMATCH(BU9,'Data Entry'!$D$4:$Q$4,0))} -> 5199 | BX9: =BU9 -> Oct-26 | BY9: {=INDEX('Data Entry'!$D$5:$Q$34, _xlfn.XMATCH($V$24,'Data Entry'!$C$5:$C$34,0), _xlfn.XMATCH(BX9,'Data Entry'!$D$4:$Q$4,0))} -> 34300 | CB9: =BX9 -> Oct-26 | CC9: {=INDEX('Data Entry'!$D$5:$Q$34, _xlfn.XMATCH($V$34,'Data Entry'!$C$5:$C$34,0), _xlfn.XMATCH(CB9,'Data Entry'!$D$4:$Q$4,0))} -> 233500 | CF9: Selected Month: | CG9: =$N$5 -> Dec-26
BB10: X - Reposts | BJ10: {=IFERROR(INDEX(_xlfn.ANCHORARRAY($BB$3),ROWS($BF$2:BF9)),"")} -> X - Reposts | BK10: =IF(BJ10="","",TRIM(_xlfn.TEXTAFTER(BJ10,"-"))) -> Reposts | BL10: {=IF(BJ10="","",INDEX('Data Entry'!$D$5:$Q$34,_xlfn.XMATCH(BJ10,'Data Entry'!$C$5:$C$34,0),_xlfn.XMATCH($N$5,'Data Entry'!$D$4:$Q$4,0)))} -> 1300 | BM10: =IF(BL10="","", IF(ISNUMBER(SEARCH("Engagement rate",BK10)), TEXT(BL10,"0.0%"), TEXT(BL10,"#,##0"))) -> 1,300 | BN10: {=IF(BJ10="","",INDEX('Data Entry'!$AA$5:$AN$34,_xlfn.XMATCH(BJ10,'Data Entry'!$Z$5:$Z$34,0),_xlfn.XMATCH($N$5,'Data Entry'!$AA$4:$AN$4,0)))} -> -0.071428571 | BO10: =IF(BN10="","",IF(BN10>0,"▲ "&TEXT(BN10,"0.00%"),IF(BN10<0,"▼ "&TEXT(ABS(BN10),"0.00%"),"▬ 0.00%"))) -> ▼ 7.14% | BU10: =MensData[[#Headers],[Nov-26]] -> Nov-26 | BV10: {=INDEX('Data Entry'!$D$5:$Q$34, _xlfn.XMATCH($BS$3,'Data Entry'!$C$5:$C$34,0), _xlfn.XMATCH(BU10,'Data Entry'!$D$4:$Q$4,0))} -> 4745 | BX10: =BU10 -> Nov-26 | BY10: {=INDEX('Data Entry'!$D$5:$Q$34, _xlfn.XMATCH($V$24,'Data Entry'!$C$5:$C$34,0), _xlfn.XMATCH(BX10,'Data Entry'!$D$4:$Q$4,0))} -> 38900 | CB10: =BX10 -> Nov-26 | CC10: {=INDEX('Data Entry'!$D$5:$Q$34, _xlfn.XMATCH($V$34,'Data Entry'!$C$5:$C$34,0), _xlfn.XMATCH(CB10,'Data Entry'!$D$4:$Q$4,0))} -> 207700 | CF10: Selected Month Value: | CG10: =_xlfn.XLOOKUP($N$5,$CB$4:$CB$17,$CC$4:$CC$17,"") -> 255432
BB11: X - Bookmarks | BJ11: {=IFERROR(INDEX(_xlfn.ANCHORARRAY($BB$3),ROWS($BF$2:BF10)),"")} -> X - Bookmarks | BK11: =IF(BJ11="","",TRIM(_xlfn.TEXTAFTER(BJ11,"-"))) -> Bookmarks | BL11: {=IF(BJ11="","",INDEX('Data Entry'!$D$5:$Q$34,_xlfn.XMATCH(BJ11,'Data Entry'!$C$5:$C$34,0),_xlfn.XMATCH($N$5,'Data Entry'!$D$4:$Q$4,0)))} -> 527 | BM11: =IF(BL11="","", IF(ISNUMBER(SEARCH("Engagement rate",BK11)), TEXT(BL11,"0.0%"), TEXT(BL11,"#,##0"))) -> 527 | BN11: {=IF(BJ11="","",INDEX('Data Entry'!$AA$5:$AN$34,_xlfn.XMATCH(BJ11,'Data Entry'!$Z$5:$Z$34,0),_xlfn.XMATCH($N$5,'Data Entry'!$AA$4:$AN$4,0)))} -> 0.18161435 | BO11: =IF(BN11="","",IF(BN11>0,"▲ "&TEXT(BN11,"0.00%"),IF(BN11<0,"▼ "&TEXT(ABS(BN11),"0.00%"),"▬ 0.00%"))) -> ▲ 18.16% | BU11: =MensData[[#Headers],[Dec-26]] -> Dec-26 | BV11: {=INDEX('Data Entry'!$D$5:$Q$34, _xlfn.XMATCH($BS$3,'Data Entry'!$C$5:$C$34,0), _xlfn.XMATCH(BU11,'Data Entry'!$D$4:$Q$4,0))} -> 5639 | BX11: =BU11 -> Dec-26 | BY11: {=INDEX('Data Entry'!$D$5:$Q$34, _xlfn.XMATCH($V$24,'Data Entry'!$C$5:$C$34,0), _xlfn.XMATCH(BX11,'Data Entry'!$D$4:$Q$4,0))} -> 33900 | CB11: =BX11 -> Dec-26 | CC11: {=INDEX('Data Entry'!$D$5:$Q$34, _xlfn.XMATCH($V$34,'Data Entry'!$C$5:$C$34,0), _xlfn.XMATCH(CB11,'Data Entry'!$D$4:$Q$4,0))} -> 255432 | CF11: Performance vs Avg: | CG11: =(CG10-CG8)/CG8 -> -0.41360324 | CH11: =IF((CG10-CG8)/CG8>0, "▲ "&TEXT((CG10-CG8)/CG8,"0.0%"), IF((CG10-CG8)/CG8<0, "▼ "&TEXT(ABS((CG10-CG8)/CG8),"0.0%"), "– 0.0%")) -> ▼ 41.4%
BB12: X - Shares | BJ12: {=IFERROR(INDEX(_xlfn.ANCHORARRAY($BB$3),ROWS($BF$2:BF11)),"")} -> X - Shares | BK12: =IF(BJ12="","",TRIM(_xlfn.TEXTAFTER(BJ12,"-"))) -> Shares | BL12: {=IF(BJ12="","",INDEX('Data Entry'!$D$5:$Q$34,_xlfn.XMATCH(BJ12,'Data Entry'!$C$5:$C$34,0),_xlfn.XMATCH($N$5,'Data Entry'!$D$4:$Q$4,0)))} -> 576 | BM12: =IF(BL12="","", IF(ISNUMBER(SEARCH("Engagement rate",BK12)), TEXT(BL12,"0.0%"), TEXT(BL12,"#,##0"))) -> 576 | BN12: {=IF(BJ12="","",INDEX('Data Entry'!$AA$5:$AN$34,_xlfn.XMATCH(BJ12,'Data Entry'!$Z$5:$Z$34,0),_xlfn.XMATCH($N$5,'Data Entry'!$AA$4:$AN$4,0)))} -> 0.0034843206 | BO12: =IF(BN12="","",IF(BN12>0,"▲ "&TEXT(BN12,"0.00%"),IF(BN12<0,"▼ "&TEXT(ABS(BN12),"0.00%"),"▬ 0.00%"))) -> ▲ 0.35% | BU12: =MensData[[#Headers],[Jan-27]] -> Jan-27 | BV12: {=INDEX('Data Entry'!$D$5:$Q$34, _xlfn.XMATCH($BS$3,'Data Entry'!$C$5:$C$34,0), _xlfn.XMATCH(BU12,'Data Entry'!$D$4:$Q$4,0))} -> 16500 | BX12: =BU12 -> Jan-27 | BY12: {=INDEX('Data Entry'!$D$5:$Q$34, _xlfn.XMATCH($V$24,'Data Entry'!$C$5:$C$34,0), _xlfn.XMATCH(BX12,'Data Entry'!$D$4:$Q$4,0))} -> 69040 | CB12: =BX12 -> Jan-27 | CC12: {=INDEX('Data Entry'!$D$5:$Q$34, _xlfn.XMATCH($V$34,'Data Entry'!$C$5:$C$34,0), _xlfn.XMATCH(CB12,'Data Entry'!$D$4:$Q$4,0))} -> 464100
BB13: X - Video Views | BJ13: {=IFERROR(INDEX(_xlfn.ANCHORARRAY($BB$3),ROWS($BF$2:BF12)),"")} -> X - Video Views | BK13: =IF(BJ13="","",TRIM(_xlfn.TEXTAFTER(BJ13,"-"))) -> Video Views | BL13: {=IF(BJ13="","",INDEX('Data Entry'!$D$5:$Q$34,_xlfn.XMATCH(BJ13,'Data Entry'!$C$5:$C$34,0),_xlfn.XMATCH($N$5,'Data Entry'!$D$4:$Q$4,0)))} -> 255432 | BM13: =IF(BL13="","", IF(ISNUMBER(SEARCH("Engagement rate",BK13)), TEXT(BL13,"0.0%"), TEXT(BL13,"#,##0"))) -> 255,432 | BN13: {=IF(BJ13="","",INDEX('Data Entry'!$AA$5:$AN$34,_xlfn.XMATCH(BJ13,'Data Entry'!$Z$5:$Z$34,0),_xlfn.XMATCH($N$5,'Data Entry'!$AA$4:$AN$4,0)))} -> 0.22981223 | BO13: =IF(BN13="","",IF(BN13>0,"▲ "&TEXT(BN13,"0.00%"),IF(BN13<0,"▼ "&TEXT(ABS(BN13),"0.00%"),"▬ 0.00%"))) -> ▲ 22.98% | BU13: =MensData[[#Headers],[Feb-27]] -> Feb-27 | BV13: {=INDEX('Data Entry'!$D$5:$Q$34, _xlfn.XMATCH($BS$3,'Data Entry'!$C$5:$C$34,0), _xlfn.XMATCH(BU13,'Data Entry'!$D$4:$Q$4,0))} -> 4354 | BX13: =BU13 -> Feb-27 | BY13: {=INDEX('Data Entry'!$D$5:$Q$34, _xlfn.XMATCH($V$24,'Data Entry'!$C$5:$C$34,0), _xlfn.XMATCH(BX13,'Data Entry'!$D$4:$Q$4,0))} -> 70123 | CB13: =BX13 -> Feb-27 | CC13: {=INDEX('Data Entry'!$D$5:$Q$34, _xlfn.XMATCH($V$34,'Data Entry'!$C$5:$C$34,0), _xlfn.XMATCH(CB13,'Data Entry'!$D$4:$Q$4,0))} -> 450000
BJ14: {=IFERROR(INDEX(_xlfn.ANCHORARRAY($BB$3),ROWS($BF$2:BF13)),"")} | BK14: =IF(BJ14="","",TRIM(_xlfn.TEXTAFTER(BJ14,"-"))) | BL14: {=IF(BJ14="","",INDEX('Data Entry'!$D$5:$Q$34,_xlfn.XMATCH(BJ14,'Data Entry'!$C$5:$C$34,0),_xlfn.XMATCH($N$5,'Data Entry'!$D$4:$Q$4,0)))} | BM14: =IF(BL14="","", IF(ISNUMBER(SEARCH("Engagement rate",BK14)), TEXT(BL14,"0.0%"), TEXT(BL14,"#,##0"))) | BN14: {=IF(BJ14="","",INDEX('Data Entry'!$AA$5:$AN$34,_xlfn.XMATCH(BJ14,'Data Entry'!$Z$5:$Z$34,0),_xlfn.XMATCH($N$5,'Data Entry'!$AA$4:$AN$4,0)))} | BO14: =IF(BN14="","",IF(BN14>0,"▲ "&TEXT(BN14,"0.00%"),IF(BN14<0,"▼ "&TEXT(ABS(BN14),"0.00%"),"▬ 0.00%"))) | BU14: =MensData[[#Headers],[Mar-27]] -> Mar-27 | BV14: {=INDEX('Data Entry'!$D$5:$Q$34, _xlfn.XMATCH($BS$3,'Data Entry'!$C$5:$C$34,0), _xlfn.XMATCH(BU14,'Data Entry'!$D$4:$Q$4,0))} -> 3243 | BX14: =BU14 -> Mar-27 | BY14: {=INDEX('Data Entry'!$D$5:$Q$34, _xlfn.XMATCH($V$24,'Data Entry'!$C$5:$C$34,0), _xlfn.XMATCH(BX14,'Data Entry'!$D$4:$Q$4,0))} -> 67888 | CB14: =BX14 -> Mar-27 | CC14: {=INDEX('Data Entry'!$D$5:$Q$34, _xlfn.XMATCH($V$34,'Data Entry'!$C$5:$C$34,0), _xlfn.XMATCH(CB14,'Data Entry'!$D$4:$Q$4,0))} -> 465789
BJ15: {=IFERROR(INDEX(_xlfn.ANCHORARRAY($BB$3),ROWS($BF$2:BF14)),"")} | BK15: =IF(BJ15="","",TRIM(_xlfn.TEXTAFTER(BJ15,"-"))) | BL15: {=IF(BJ15="","",INDEX('Data Entry'!$D$5:$Q$34,_xlfn.XMATCH(BJ15,'Data Entry'!$C$5:$C$34,0),_xlfn.XMATCH($N$5,'Data Entry'!$D$4:$Q$4,0)))} | BM15: =IF(BL15="","", IF(ISNUMBER(SEARCH("Engagement rate",BK15)), TEXT(BL15,"0.0%"), TEXT(BL15,"#,##0"))) | BN15: {=IF(BJ15="","",INDEX('Data Entry'!$AA$5:$AN$34,_xlfn.XMATCH(BJ15,'Data Entry'!$Z$5:$Z$34,0),_xlfn.XMATCH($N$5,'Data Entry'!$AA$4:$AN$4,0)))} | BO15: =IF(BN15="","",IF(BN15>0,"▲ "&TEXT(BN15,"0.00%"),IF(BN15<0,"▼ "&TEXT(ABS(BN15),"0.00%"),"▬ 0.00%"))) | BU15: =MensData[[#Headers],[Apr-27]] -> Apr-27 | BV15: {=INDEX('Data Entry'!$D$5:$Q$34, _xlfn.XMATCH($BS$3,'Data Entry'!$C$5:$C$34,0), _xlfn.XMATCH(BU15,'Data Entry'!$D$4:$Q$4,0))} -> 3453 | BX15: =BU15 -> Apr-27 | BY15: {=INDEX('Data Entry'!$D$5:$Q$34, _xlfn.XMATCH($V$24,'Data Entry'!$C$5:$C$34,0), _xlfn.XMATCH(BX15,'Data Entry'!$D$4:$Q$4,0))} -> 65768 | CB15: =BX15 -> Apr-27 | CC15: {=INDEX('Data Entry'!$D$5:$Q$34, _xlfn.XMATCH($V$34,'Data Entry'!$C$5:$C$34,0), _xlfn.XMATCH(CB15,'Data Entry'!$D$4:$Q$4,0))} -> 657000
BU16: =MensData[[#Headers],[May-27]] -> May-27 | BV16: {=INDEX('Data Entry'!$D$5:$Q$34, _xlfn.XMATCH($BS$3,'Data Entry'!$C$5:$C$34,0), _xlfn.XMATCH(BU16,'Data Entry'!$D$4:$Q$4,0))} -> 5555 | BX16: =BU16 -> May-27 | BY16: {=INDEX('Data Entry'!$D$5:$Q$34, _xlfn.XMATCH($V$24,'Data Entry'!$C$5:$C$34,0), _xlfn.XMATCH(BX16,'Data Entry'!$D$4:$Q$4,0))} -> 64555 | CB16: =BX16 -> May-27 | CC16: {=INDEX('Data Entry'!$D$5:$Q$34, _xlfn.XMATCH($V$34,'Data Entry'!$C$5:$C$34,0), _xlfn.XMATCH(CB16,'Data Entry'!$D$4:$Q$4,0))} -> 451232
BU17: =MensData[[#Headers],[Jun-27]] -> Jun-27 | BV17: {=INDEX('Data Entry'!$D$5:$Q$34, _xlfn.XMATCH($BS$3,'Data Entry'!$C$5:$C$34,0), _xlfn.XMATCH(BU17,'Data Entry'!$D$4:$Q$4,0))} -> 4365 | BX17: =BU17 -> Jun-27 | BY17: {=INDEX('Data Entry'!$D$5:$Q$34, _xlfn.XMATCH($V$24,'Data Entry'!$C$5:$C$34,0), _xlfn.XMATCH(BX17,'Data Entry'!$D$4:$Q$4,0))} -> 55432 | CB17: =BX17 -> Jun-27 | CC17: {=INDEX('Data Entry'!$D$5:$Q$34, _xlfn.XMATCH($V$34,'Data Entry'!$C$5:$C$34,0), _xlfn.XMATCH(CB17,'Data Entry'!$D$4:$Q$4,0))} -> 442789
CL22: Metric | CM22: Card Title | CN22: Value | CO22: Growth | CP22: Growth Display
C23: Platform ▼ | U23: Platform ▼ | V23: Metric ▼ | BX23: {=_xlfn.LET( _xlpm.p,_xlfn.SWITCH($U$24, "X","X -", "TikTok","TT -", "Instagram","IG -", "Threads","THREADS -", "Facebook","FB -", "LinkedIn","LINKEDIN -", ""), _xlfn._xlws.FILTER( 'Data Entry'!$C$5:$C$100, LEFT('Data Entry'!$C$5:$C$100,LEN(_xlpm.p))=_xlpm.p, "" ))} -> X - Followers | BZ23: =U24&" - "&TRIM(_xlfn.TEXTAFTER(V24,"-")) -> X - Profile visits | CB23: {=_xlfn.LET( _xlpm.p,_xlfn.SWITCH($U$34, "X","X -", "TikTok","TT -", "Instagram","IG -", "Threads","THREADS -", "Facebook","FB -", "LinkedIn","LINKEDIN -", ""), _xlfn._xlws.FILTER( 'Data Entry'!$C$5:$C$100, LEFT('Data Entry'!$C$5:$C$100,LEN(_xlpm.p))=_xlpm.p, "" ))} -> X - Followers | CJ23: {=_xlfn.LET( _xlpm.p,_xlfn.SWITCH($C$34, "X","X -", "TikTok","TT -", "Instagram","IG -", "Threads","THREADS -", "Facebook","FB -", "LinkedIn","LINKEDIN -", ""), _xlfn._xlws.FILTER( 'Data Entry'!$C$5:$C$100, LEFT('Data Entry'!$C$5:$C$100,LEN(_xlpm.p))=_xlpm.p, "" ))} -> TT - Views | CL23: {=IFERROR(INDEX(_xlfn.ANCHORARRAY($CJ$23),ROWS($CL$23:CL23)),"")} -> TT - Views | CM23: =IF(CL23="","",TRIM(_xlfn.TEXTAFTER(CL23,"-"))) -> Views | CN23: {=IF(CL23="","",INDEX('Data Entry'!$D$5:$Q$34,_xlfn.XMATCH(CL23,'Data Entry'!$C$5:$C$34,0),_xlfn.XMATCH($N$5,'Data Entry'!$D$4:$Q$4,0)))} -> 486000 | CO23: {=IF(CL23="","",INDEX('Data Entry'!$AA$5:$AN$34,_xlfn.XMATCH(CL23,'Data Entry'!$Z$5:$Z$34,0),_xlfn.XMATCH($N$5,'Data Entry'!$AA$4:$AN$4,0)))} -> 1.0165975 | CP23: =IF(CO23="","",IF(CO23>0,"▲ "&TEXT(CO23,"0.00%"),IF(CO23<0,"▼ "&TEXT(ABS(CO23),"0.00%"),"▬ 0.00%"))) -> ▲ 101.66%
C24: Threads | U24: X | V24: X - Profile visits | BX24: X - Impressions | CB24: X - Impressions | CJ24: TT - Profile Views | CL24: {=IFERROR(INDEX(_xlfn.ANCHORARRAY($CJ$23),ROWS($CL$23:CL24)),"")} -> TT - Profile Views | CM24: =IF(CL24="","",TRIM(_xlfn.TEXTAFTER(CL24,"-"))) -> Profile Views | CN24: {=IF(CL24="","",INDEX('Data Entry'!$D$5:$Q$34,_xlfn.XMATCH(CL24,'Data Entry'!$C$5:$C$34,0),_xlfn.XMATCH($N$5,'Data Entry'!$D$4:$Q$4,0)))} -> 7800 | CO24: {=IF(CL24="","",INDEX('Data Entry'!$AA$5:$AN$34,_xlfn.XMATCH(CL24,'Data Entry'!$Z$5:$Z$34,0),_xlfn.XMATCH($N$5,'Data Entry'!$AA$4:$AN$4,0)))} -> 0.25806452 | CP24: =IF(CO24="","",IF(CO24>0,"▲ "&TEXT(CO24,"0.00%"),IF(CO24<0,"▼ "&TEXT(ABS(CO24),"0.00%"),"▬ 0.00%"))) -> ▲ 25.81%
BX25: X - Engagement rate | CB25: X - Engagement rate | CJ25: TT - Likes | CL25: {=IFERROR(INDEX(_xlfn.ANCHORARRAY($CJ$23),ROWS($CL$23:CL25)),"")} -> TT - Likes | CM25: =IF(CL25="","",TRIM(_xlfn.TEXTAFTER(CL25,"-"))) -> Likes | CN25: {=IF(CL25="","",INDEX('Data Entry'!$D$5:$Q$34,_xlfn.XMATCH(CL25,'Data Entry'!$C$5:$C$34,0),_xlfn.XMATCH($N$5,'Data Entry'!$D$4:$Q$4,0)))} -> 35000 | CO25: {=IF(CL25="","",INDEX('Data Entry'!$AA$5:$AN$34,_xlfn.XMATCH(CL25,'Data Entry'!$Z$5:$Z$34,0),_xlfn.XMATCH($N$5,'Data Entry'!$AA$4:$AN$4,0)))} -> 0.75 | CP25: =IF(CO25="","",IF(CO25>0,"▲ "&TEXT(CO25,"0.00%"),IF(CO25<0,"▼ "&TEXT(ABS(CO25),"0.00%"),"▬ 0.00%"))) -> ▲ 75.00%
BX26: X - Engagements | CB26: X - Engagements | CJ26: TT - Comments | CL26: {=IFERROR(INDEX(_xlfn.ANCHORARRAY($CJ$23),ROWS($CL$23:CL26)),"")} -> TT - Comments | CM26: =IF(CL26="","",TRIM(_xlfn.TEXTAFTER(CL26,"-"))) -> Comments | CN26: {=IF(CL26="","",INDEX('Data Entry'!$D$5:$Q$34,_xlfn.XMATCH(CL26,'Data Entry'!$C$5:$C$34,0),_xlfn.XMATCH($N$5,'Data Entry'!$D$4:$Q$4,0)))} -> 378 | CO26: {=IF(CL26="","",INDEX('Data Entry'!$AA$5:$AN$34,_xlfn.XMATCH(CL26,'Data Entry'!$Z$5:$Z$34,0),_xlfn.XMATCH($N$5,'Data Entry'!$AA$4:$AN$4,0)))} -> 0.13513514 | CP26: =IF(CO26="","",IF(CO26>0,"▲ "&TEXT(CO26,"0.00%"),IF(CO26<0,"▼ "&TEXT(ABS(CO26),"0.00%"),"▬ 0.00%"))) -> ▲ 13.51%
BX27: X - Profile visits | CB27: X - Profile visits | CJ27: TT - Shares | CL27: {=IFERROR(INDEX(_xlfn.ANCHORARRAY($CJ$23),ROWS($CL$23:CL27)),"")} -> TT - Shares | CM27: =IF(CL27="","",TRIM(_xlfn.TEXTAFTER(CL27,"-"))) -> Shares | CN27: {=IF(CL27="","",INDEX('Data Entry'!$D$5:$Q$34,_xlfn.XMATCH(CL27,'Data Entry'!$C$5:$C$34,0),_xlfn.XMATCH($N$5,'Data Entry'!$D$4:$Q$4,0)))} -> 882 | CO27: {=IF(CL27="","",INDEX('Data Entry'!$AA$5:$AN$34,_xlfn.XMATCH(CL27,'Data Entry'!$Z$5:$Z$34,0),_xlfn.XMATCH($N$5,'Data Entry'!$AA$4:$AN$4,0)))} -> 0.24576271 | CP27: =IF(CO27="","",IF(CO27>0,"▲ "&TEXT(CO27,"0.00%"),IF(CO27<0,"▼ "&TEXT(ABS(CO27),"0.00%"),"▬ 0.00%"))) -> ▲ 24.58%
BX28: X - Replies | CB28: X - Replies | CJ28: TT - New Viewers | CL28: {=IFERROR(INDEX(_xlfn.ANCHORARRAY($CJ$23),ROWS($CL$23:CL28)),"")} -> TT - New Viewers | CM28: =IF(CL28="","",TRIM(_xlfn.TEXTAFTER(CL28,"-"))) -> New Viewers | CN28: {=IF(CL28="","",INDEX('Data Entry'!$D$5:$Q$34,_xlfn.XMATCH(CL28,'Data Entry'!$C$5:$C$34,0),_xlfn.XMATCH($N$5,'Data Entry'!$D$4:$Q$4,0)))} -> 184000 | CO28: {=IF(CL28="","",INDEX('Data Entry'!$AA$5:$AN$34,_xlfn.XMATCH(CL28,'Data Entry'!$Z$5:$Z$34,0),_xlfn.XMATCH($N$5,'Data Entry'!$AA$4:$AN$4,0)))} -> 3.3809524 | CP28: =IF(CO28="","",IF(CO28>0,"▲ "&TEXT(CO28,"0.00%"),IF(CO28<0,"▼ "&TEXT(ABS(CO28),"0.00%"),"▬ 0.00%"))) -> ▲ 338.10%
BX29: X - Likes | CB29: X - Likes | CL29: {=IFERROR(INDEX(_xlfn.ANCHORARRAY($CJ$23),ROWS($CL$23:CL29)),"")} | CM29: =IF(CL29="","",TRIM(_xlfn.TEXTAFTER(CL29,"-"))) | CN29: {=IF(CL29="","",INDEX('Data Entry'!$D$5:$Q$34,_xlfn.XMATCH(CL29,'Data Entry'!$C$5:$C$34,0),_xlfn.XMATCH($N$5,'Data Entry'!$D$4:$Q$4,0)))} | CO29: {=IF(CL29="","",INDEX('Data Entry'!$AA$5:$AN$34,_xlfn.XMATCH(CL29,'Data Entry'!$Z$5:$Z$34,0),_xlfn.XMATCH($N$5,'Data Entry'!$AA$4:$AN$4,0)))} | CP29: =IF(CO29="","",IF(CO29>0,"▲ "&TEXT(CO29,"0.00%"),IF(CO29<0,"▼ "&TEXT(ABS(CO29),"0.00%"),"▬ 0.00%")))
BX30: X - Reposts | CB30: X - Reposts | CL30: {=IFERROR(INDEX(_xlfn.ANCHORARRAY($CJ$23),ROWS($CL$23:CL30)),"")} | CM30: =IF(CL30="","",TRIM(_xlfn.TEXTAFTER(CL30,"-"))) | CN30: {=IF(CL30="","",INDEX('Data Entry'!$D$5:$Q$34,_xlfn.XMATCH(CL30,'Data Entry'!$C$5:$C$34,0),_xlfn.XMATCH($N$5,'Data Entry'!$D$4:$Q$4,0)))} | CO30: {=IF(CL30="","",INDEX('Data Entry'!$AA$5:$AN$34,_xlfn.XMATCH(CL30,'Data Entry'!$Z$5:$Z$34,0),_xlfn.XMATCH($N$5,'Data Entry'!$AA$4:$AN$4,0)))} | CP30: =IF(CO30="","",IF(CO30>0,"▲ "&TEXT(CO30,"0.00%"),IF(CO30<0,"▼ "&TEXT(ABS(CO30),"0.00%"),"▬ 0.00%")))
BX31: X - Bookmarks | CB31: X - Bookmarks | CL31: {=IFERROR(INDEX(_xlfn.ANCHORARRAY($CJ$23),ROWS($CL$23:CL31)),"")} | CM31: =IF(CL31="","",TRIM(_xlfn.TEXTAFTER(CL31,"-"))) | CN31: {=IF(CL31="","",INDEX('Data Entry'!$D$5:$Q$34,_xlfn.XMATCH(CL31,'Data Entry'!$C$5:$C$34,0),_xlfn.XMATCH($N$5,'Data Entry'!$D$4:$Q$4,0)))} | CO31: {=IF(CL31="","",INDEX('Data Entry'!$AA$5:$AN$34,_xlfn.XMATCH(CL31,'Data Entry'!$Z$5:$Z$34,0),_xlfn.XMATCH($N$5,'Data Entry'!$AA$4:$AN$4,0)))} | CP31: =IF(CO31="","",IF(CO31>0,"▲ "&TEXT(CO31,"0.00%"),IF(CO31<0,"▼ "&TEXT(ABS(CO31),"0.00%"),"▬ 0.00%")))
BX32: X - Shares | CB32: X - Shares | CL32: {=IFERROR(INDEX(_xlfn.ANCHORARRAY($CJ$23),ROWS($CL$23:CL32)),"")} | CM32: =IF(CL32="","",TRIM(_xlfn.TEXTAFTER(CL32,"-"))) | CN32: {=IF(CL32="","",INDEX('Data Entry'!$D$5:$Q$34,_xlfn.XMATCH(CL32,'Data Entry'!$C$5:$C$34,0),_xlfn.XMATCH($N$5,'Data Entry'!$D$4:$Q$4,0)))} | CO32: {=IF(CL32="","",INDEX('Data Entry'!$AA$5:$AN$34,_xlfn.XMATCH(CL32,'Data Entry'!$Z$5:$Z$34,0),_xlfn.XMATCH($N$5,'Data Entry'!$AA$4:$AN$4,0)))} | CP32: =IF(CO32="","",IF(CO32>0,"▲ "&TEXT(CO32,"0.00%"),IF(CO32<0,"▼ "&TEXT(ABS(CO32),"0.00%"),"▬ 0.00%")))
C33: Platform ▼ | U33: Platform ▼ | V33: Metric ▼ | BX33: X - Video Views | CB33: X - Video Views | CL33: {=IFERROR(INDEX(_xlfn.ANCHORARRAY($CJ$23),ROWS($CL$23:CL33)),"")} | CM33: =IF(CL33="","",TRIM(_xlfn.TEXTAFTER(CL33,"-"))) | CN33: {=IF(CL33="","",INDEX('Data Entry'!$D$5:$Q$34,_xlfn.XMATCH(CL33,'Data Entry'!$C$5:$C$34,0),_xlfn.XMATCH($N$5,'Data Entry'!$D$4:$Q$4,0)))} | CO33: {=IF(CL33="","",INDEX('Data Entry'!$AA$5:$AN$34,_xlfn.XMATCH(CL33,'Data Entry'!$Z$5:$Z$34,0),_xlfn.XMATCH($N$5,'Data Entry'!$AA$4:$AN$4,0)))} | CP33: =IF(CO33="","",IF(CO33>0,"▲ "&TEXT(CO33,"0.00%"),IF(CO33<0,"▼ "&TEXT(ABS(CO33),"0.00%"),"▬ 0.00%")))
C34: TikTok | U34: X | V34: X - Video Views | CL34: {=IFERROR(INDEX(_xlfn.ANCHORARRAY($CJ$23),ROWS($CL$23:CL34)),"")} | CM34: =IF(CL34="","",TRIM(_xlfn.TEXTAFTER(CL34,"-"))) | CN34: {=IF(CL34="","",INDEX('Data Entry'!$D$5:$Q$34,_xlfn.XMATCH(CL34,'Data Entry'!$C$5:$C$34,0),_xlfn.XMATCH($N$5,'Data Entry'!$D$4:$Q$4,0)))} | CO34: {=IF(CL34="","",INDEX('Data Entry'!$AA$5:$AN$34,_xlfn.XMATCH(CL34,'Data Entry'!$Z$5:$Z$34,0),_xlfn.XMATCH($N$5,'Data Entry'!$AA$4:$AN$4,0)))} | CP34: =IF(CO34="","",IF(CO34>0,"▲ "&TEXT(CO34,"0.00%"),IF(CO34<0,"▼ "&TEXT(ABS(CO34),"0.00%"),"▬ 0.00%")))
CL35: {=IFERROR(INDEX(_xlfn.ANCHORARRAY($CJ$23),ROWS($CL$23:CL35)),"")} | CM35: =IF(CL35="","",TRIM(_xlfn.TEXTAFTER(CL35,"-"))) | CN35: {=IF(CL35="","",INDEX('Data Entry'!$D$5:$Q$34,_xlfn.XMATCH(CL35,'Data Entry'!$C$5:$C$34,0),_xlfn.XMATCH($N$5,'Data Entry'!$D$4:$Q$4,0)))} | CO35: {=IF(CL35="","",INDEX('Data Entry'!$AA$5:$AN$34,_xlfn.XMATCH(CL35,'Data Entry'!$Z$5:$Z$34,0),_xlfn.XMATCH($N$5,'Data Entry'!$AA$4:$AN$4,0)))} | CP35: =IF(CO35="","",IF(CO35>0,"▲ "&TEXT(CO35,"0.00%"),IF(CO35<0,"▼ "&TEXT(ABS(CO35),"0.00%"),"▬ 0.00%")))
CL36: {=IFERROR(INDEX(_xlfn.ANCHORARRAY($CJ$23),ROWS($CL$23:CL36)),"")} | CM36: =IF(CL36="","",TRIM(_xlfn.TEXTAFTER(CL36,"-"))) | CN36: {=IF(CL36="","",INDEX('Data Entry'!$D$5:$Q$34,_xlfn.XMATCH(CL36,'Data Entry'!$C$5:$C$34,0),_xlfn.XMATCH($N$5,'Data Entry'!$D$4:$Q$4,0)))} | CO36: {=IF(CL36="","",INDEX('Data Entry'!$AA$5:$AN$34,_xlfn.XMATCH(CL36,'Data Entry'!$Z$5:$Z$34,0),_xlfn.XMATCH($N$5,'Data Entry'!$AA$4:$AN$4,0)))} | CP36: =IF(CO36="","",IF(CO36>0,"▲ "&TEXT(CO36,"0.00%"),IF(CO36<0,"▼ "&TEXT(ABS(CO36),"0.00%"),"▬ 0.00%")))
CL37: {=IFERROR(INDEX(_xlfn.ANCHORARRAY($CJ$23),ROWS($CL$23:CL37)),"")} | CM37: =IF(CL37="","",TRIM(_xlfn.TEXTAFTER(CL37,"-"))) | CN37: {=IF(CL37="","",INDEX('Data Entry'!$D$5:$Q$34,_xlfn.XMATCH(CL37,'Data Entry'!$C$5:$C$34,0),_xlfn.XMATCH($N$5,'Data Entry'!$D$4:$Q$4,0)))} | CO37: {=IF(CL37="","",INDEX('Data Entry'!$AA$5:$AN$34,_xlfn.XMATCH(CL37,'Data Entry'!$Z$5:$Z$34,0),_xlfn.XMATCH($N$5,'Data Entry'!$AA$4:$AN$4,0)))} | CP37: =IF(CO37="","",IF(CO37>0,"▲ "&TEXT(CO37,"0.00%"),IF(CO37<0,"▼ "&TEXT(ABS(CO37),"0.00%"),"▬ 0.00%")))
CL38: {=IFERROR(INDEX(_xlfn.ANCHORARRAY($CJ$23),ROWS($CL$23:CL38)),"")} | CM38: =IF(CL38="","",TRIM(_xlfn.TEXTAFTER(CL38,"-"))) | CN38: {=IF(CL38="","",INDEX('Data Entry'!$D$5:$Q$34,_xlfn.XMATCH(CL38,'Data Entry'!$C$5:$C$34,0),_xlfn.XMATCH($N$5,'Data Entry'!$D$4:$Q$4,0)))} | CO38: {=IF(CL38="","",INDEX('Data Entry'!$AA$5:$AN$34,_xlfn.XMATCH(CL38,'Data Entry'!$Z$5:$Z$34,0),_xlfn.XMATCH($N$5,'Data Entry'!$AA$4:$AN$4,0)))} | CP38: =IF(CO38="","",IF(CO38>0,"▲ "&TEXT(CO38,"0.00%"),IF(CO38<0,"▼ "&TEXT(ABS(CO38),"0.00%"),"▬ 0.00%")))
CL39: {=IFERROR(INDEX(_xlfn.ANCHORARRAY($CJ$23),ROWS($CL$23:CL39)),"")} | CM39: =IF(CL39="","",TRIM(_xlfn.TEXTAFTER(CL39,"-"))) | CN39: {=IF(CL39="","",INDEX('Data Entry'!$D$5:$Q$34,_xlfn.XMATCH(CL39,'Data Entry'!$C$5:$C$34,0),_xlfn.XMATCH($N$5,'Data Entry'!$D$4:$Q$4,0)))} | CO39: {=IF(CL39="","",INDEX('Data Entry'!$AA$5:$AN$34,_xlfn.XMATCH(CL39,'Data Entry'!$Z$5:$Z$34,0),_xlfn.XMATCH($N$5,'Data Entry'!$AA$4:$AN$4,0)))} | CP39: =IF(CO39="","",IF(CO39>0,"▲ "&TEXT(CO39,"0.00%"),IF(CO39<0,"▼ "&TEXT(ABS(CO39),"0.00%"),"▬ 0.00%")))

Sheet Data Entry
A1: MENS | G1: NOTE: LEAVE cells that haven't got a value e.g., next months as 0, NOT BLANK - this is to avoid errors and also create better charts
X2: Percentage difference tables
A3: Raw Data Table
C4: Metric | D4: May-26 | E4: Jun-26 | F4: Jul-26 | G4: Aug-26 | H4: Sep-26 | I4: Oct-26 | J4: Nov-26 | K4: Dec-26 | L4: Jan-27 | M4: Feb-27 | N4: Mar-27 | O4: Apr-27 | P4: May-27 | Q4: Jun-27 | Z4: Metric | AA4: May-26 | AB4: Jun-26 | AC4: Jul-26 | AD4: Aug-26 | AE4: Sep-26 | AF4: Oct-26 | AG4: Nov-26 | AH4: Dec-26 | AI4: Jan-27 | AJ4: Feb-27 | AK4: Mar-27 | AL4: Apr-27 | AM4: May-27 | AN4: Jun-27
C5: X - Followers | D5: 232000 | E5: 233000 | F5: 233423 | G5: 236781 | H5: 240543 | I5: 238000 | J5: 241300 | K5: 242000 | L5: 242222 | M5: 245654 | N5: 246578 | O5: 247600 | P5: 247800 | Q5: 246546 | Z5: X - Followers | AB5: =(MensData[[#This Row],[Jun-26]]-MensData[[#This Row],[May-26]])/MensData[[#This Row],[May-26]] -> 0.0043103448 | AC5: =(MensData[[#This Row],[Jul-26]]-MensData[[#This Row],[Jun-26]])/MensData[[#This Row],[Jun-26]] -> 0.0018154506 | AD5: =(MensData[[#This Row],[Aug-26]]-MensData[[#This Row],[Jul-26]])/MensData[[#This Row],[Jul-26]] -> 0.0143859 | AE5: =(MensData[[#This Row],[Sep-26]]-MensData[[#This Row],[Aug-26]])/MensData[[#This Row],[Aug-26]] -> 0.015888099 | AF5: =(MensData[[#This Row],[Oct-26]]-MensData[[#This Row],[Sep-26]])/MensData[[#This Row],[Sep-26]] -> -0.010571914 | AG5: =(MensData[[#This Row],[Nov-26]]-MensData[[#This Row],[Oct-26]])/MensData[[#This Row],[Oct-26]] -> 0.013865546 | AH5: =(MensData[[#This Row],[Dec-26]]-MensData[[#This Row],[Nov-26]])/MensData[[#This Row],[Nov-26]] -> 0.0029009532 | AI5: =(MensData[[#This Row],[Jan-27]]-MensData[[#This Row],[Dec-26]])/MensData[[#This Row],[Dec-26]] -> 0.00091735537 | AJ5: =(MensData[[#This Row],[Feb-27]]-MensData[[#This Row],[Jan-27]])/MensData[[#This Row],[Jan-27]] -> 0.01416882 | AK5: =(MensData[[#This Row],[Mar-27]]-MensData[[#This Row],[Feb-27]])/MensData[[#This Row],[Feb-27]] -> 0.003761388 | AL5: =(MensData[[#This Row],[Apr-27]]-MensData[[#This Row],[Mar-27]])/MensData[[#This Row],[Mar-27]] -> 0.0041447331 | AM5: =(MensData[[#This Row],[May-27]]-MensData[[#This Row],[Apr-27]])/MensData[[#This Row],[Apr-27]] -> 0.00080775444 | AN5: =(MensData[[#This Row],[Jun-27]]-MensData[[#This Row],[May-27]])/MensData[[#This Row],[May-27]] -> -0.0050605327
C6: X - Impressions | D6: 4366000 | E6: 6200000 | F6: 9400000 | G6: 9000000 | H6: 7500000 | I6: 3700000 | J6: 4400000 | K6: 3900000 | L6: 6543210 | M6: 4580000 | N6: 4356701 | O6: 5670002 | P6: 5458970 | Q6: 4325671 | Z6: X - Impressions | AB6: =(MensData[[#This Row],[Jun-26]]-MensData[[#This Row],[May-26]])/MensData[[#This Row],[May-26]] -> 0.42006413 | AC6: =(MensData[[#This Row],[Jul-26]]-MensData[[#This Row],[Jun-26]])/MensData[[#This Row],[Jun-26]] -> 0.51612903 | AD6: =(MensData[[#This Row],[Aug-26]]-MensData[[#This Row],[Jul-26]])/MensData[[#This Row],[Jul-26]] -> -0.042553191 | AE6: =(MensData[[#This Row],[Sep-26]]-MensData[[#This Row],[Aug-26]])/MensData[[#This Row],[Aug-26]] -> -0.16666667 | AF6: =(MensData[[#This Row],[Oct-26]]-MensData[[#This Row],[Sep-26]])/MensData[[#This Row],[Sep-26]] -> -0.50666667 | AG6: =(MensData[[#This Row],[Nov-26]]-MensData[[#This Row],[Oct-26]])/MensData[[#This Row],[Oct-26]] -> 0.18918919 | AH6: =(MensData[[#This Row],[Dec-26]]-MensData[[#This Row],[Nov-26]])/MensData[[#This Row],[Nov-26]] -> -0.11363636 | AI6: =(MensData[[#This Row],[Jan-27]]-MensData[[#This Row],[Dec-26]])/MensData[[#This Row],[Dec-26]] -> 0.67774615 | AJ6: =(MensData[[#This Row],[Feb-27]]-MensData[[#This Row],[Jan-27]])/MensData[[#This Row],[Jan-27]] -> -0.30003775 | AK6: =(MensData[[#This Row],[Mar-27]]-MensData[[#This Row],[Feb-27]])/MensData[[#This Row],[Feb-27]] -> -0.04875524 | AL6: =(MensData[[#This Row],[Apr-27]]-MensData[[#This Row],[Mar-27]])/MensData[[#This Row],[Mar-27]] -> 0.30144391 | AM6: =(MensData[[#This Row],[May-27]]-MensData[[#This Row],[Apr-27]])/MensData[[#This Row],[Apr-27]] -> -0.037219034 | AN6: =(MensData[[#This Row],[Jun-27]]-MensData[[#This Row],[May-27]])/MensData[[#This Row],[May-27]] -> -0.20760308
C7: X - Engagement rate | D7: 0.024 | E7: 0.043 | F7: 0.044 | G7: 0.041 | H7: 0.041 | I7: 0.038 | J7: 0.042 | K7: 0.046 | L7: 0.039 | M7: 0.027 | N7: 0.0333 | O7: 0.0453 | P7: 0.0432 | Q7: 0.0345 | Z7: X - Engagement rate | AB7: =(MensData[[#This Row],[Jun-26]]-MensData[[#This Row],[May-26]])/MensData[[#This Row],[May-26]] -> 0.79166667 | AC7: =(MensData[[#This Row],[Jul-26]]-MensData[[#This Row],[Jun-26]])/MensData[[#This Row],[Jun-26]] -> 0.023255814 | AD7: =(MensData[[#This Row],[Aug-26]]-MensData[[#This Row],[Jul-26]])/MensData[[#This Row],[Jul-26]] -> -0.068181818 | AE7: =(MensData[[#This Row],[Sep-26]]-MensData[[#This Row],[Aug-26]])/MensData[[#This Row],[Aug-26]] -> 0 | AF7: =(MensData[[#This Row],[Oct-26]]-MensData[[#This Row],[Sep-26]])/MensData[[#This Row],[Sep-26]] -> -0.073170732 | AG7: =(MensData[[#This Row],[Nov-26]]-MensData[[#This Row],[Oct-26]])/MensData[[#This Row],[Oct-26]] -> 0.10526316 | AH7: =(MensData[[#This Row],[Dec-26]]-MensData[[#This Row],[Nov-26]])/MensData[[#This Row],[Nov-26]] -> 0.095238095 | AI7: =(MensData[[#This Row],[Jan-27]]-MensData[[#This Row],[Dec-26]])/MensData[[#This Row],[Dec-26]] -> -0.15217391 | AJ7: =(MensData[[#This Row],[Feb-27]]-MensData[[#This Row],[Jan-27]])/MensData[[#This Row],[Jan-27]] -> -0.30769231 | AK7: =(MensData[[#This Row],[Mar-27]]-MensData[[#This Row],[Feb-27]])/MensData[[#This Row],[Feb-27]] -> 0.23333333 | AL7: =(MensData[[#This Row],[Apr-27]]-MensData[[#This Row],[Mar-27]])/MensData[[#This Row],[Mar-27]] -> 0.36036036 | AM7: =(MensData[[#This Row],[May-27]]-MensData[[#This Row],[Apr-27]])/MensData[[#This Row],[Apr-27]] -> -0.046357616 | AN7: =(MensData[[#This Row],[Jun-27]]-MensData[[#This Row],[May-27]])/MensData[[#This Row],[May-27]] -> -0.20138889
C8: X - Engagements | D8: 136000 | E8: 357000 | F8: 422500 | G8: 377700 | H8: 313000 | I8: 134000 | J8: 189700 | K8: 183400 | L8: 386154 | M8: 432111 | N8: 422111 | O8: 234555 | P8: 324123 | Q8: 326122 | Z8: X - Engagements | AB8: =(MensData[[#This Row],[Jun-26]]-MensData[[#This Row],[May-26]])/MensData[[#This Row],[May-26]] -> 1.625 | AC8: =(MensData[[#This Row],[Jul-26]]-MensData[[#This Row],[Jun-26]])/MensData[[#This Row],[Jun-26]] -> 0.18347339 | AD8: =(MensData[[#This Row],[Aug-26]]-MensData[[#This Row],[Jul-26]])/MensData[[#This Row],[Jul-26]] -> -0.1060355 | AE8: =(MensData[[#This Row],[Sep-26]]-MensData[[#This Row],[Aug-26]])/MensData[[#This Row],[Aug-26]] -> -0.17129997 | AF8: =(MensData[[#This Row],[Oct-26]]-MensData[[#This Row],[Sep-26]])/MensData[[#This Row],[Sep-26]] -> -0.57188498 | AG8: =(MensData[[#This Row],[Nov-26]]-MensData[[#This Row],[Oct-26]])/MensData[[#This Row],[Oct-26]] -> 0.41567164 | AH8: =(MensData[[#This Row],[Dec-26]]-MensData[[#This Row],[Nov-26]])/MensData[[#This Row],[Nov-26]] -> -0.033210332 | AI8: =(MensData[[#This Row],[Jan-27]]-MensData[[#This Row],[Dec-26]])/MensData[[#This Row],[Dec-26]] -> 1.1055289 | AJ8: =(MensData[[#This Row],[Feb-27]]-MensData[[#This Row],[Jan-27]])/MensData[[#This Row],[Jan-27]] -> 0.1190121 | AK8: =(MensData[[#This Row],[Mar-27]]-MensData[[#This Row],[Feb-27]])/MensData[[#This Row],[Feb-27]] -> -0.023142202 | AL8: =(MensData[[#This Row],[Apr-27]]-MensData[[#This Row],[Mar-27]])/MensData[[#This Row],[Mar-27]] -> -0.44432862 | AM8: =(MensData[[#This Row],[May-27]]-MensData[[#This Row],[Apr-27]])/MensData[[#This Row],[Apr-27]] -> 0.38186353 | AN8: =(MensData[[#This Row],[Jun-27]]-MensData[[#This Row],[May-27]])/MensData[[#This Row],[May-27]] -> 0.0061674118
C9: X - Profile visits | D9: 29800 | E9: 89200 | F9: 100600 | G9: 71900 | H9: 68100 | I9: 34300 | J9: 38900 | K9: 33900 | L9: 69040 | M9: 70123 | N9: 67888 | O9: 65768 | P9: 64555 | Q9: 55432 | Z9: X - Profile visits | AB9: =(MensData[[#This Row],[Jun-26]]-MensData[[#This Row],[May-26]])/MensData[[#This Row],[May-26]] -> 1.9932886 | AC9: =(MensData[[#This Row],[Jul-26]]-MensData[[#This Row],[Jun-26]])/MensData[[#This Row],[Jun-26]] -> 0.12780269 | AD9: =(MensData[[#This Row],[Aug-26]]-MensData[[#This Row],[Jul-26]])/MensData[[#This Row],[Jul-26]] -> -0.28528827 | AE9: =(MensData[[#This Row],[Sep-26]]-MensData[[#This Row],[Aug-26]])/MensData[[#This Row],[Aug-26]] -> -0.052851182 | AF9: =(MensData[[#This Row],[Oct-26]]-MensData[[#This Row],[Sep-26]])/MensData[[#This Row],[Sep-26]] -> -0.49632893 | AG9: =(MensData[[#This Row],[Nov-26]]-MensData[[#This Row],[Oct-26]])/MensData[[#This Row],[Oct-26]] -> 0.13411079 | AH9: =(MensData[[#This Row],[Dec-26]]-MensData[[#This Row],[Nov-26]])/MensData[[#This Row],[Nov-26]] -> -0.1285347 | AI9: =(MensData[[#This Row],[Jan-27]]-MensData[[#This Row],[Dec-26]])/MensData[[#This Row],[Dec-26]] -> 1.0365782 | AJ9: =(MensData[[#This Row],[Feb-27]]-MensData[[#This Row],[Jan-27]])/MensData[[#This Row],[Jan-27]] -> 0.015686559 | AK9: =(MensData[[#This Row],[Mar-27]]-MensData[[#This Row],[Feb-27]])/MensData[[#This Row],[Feb-27]] -> -0.031872567 | AL9: =(MensData[[#This Row],[Apr-27]]-MensData[[#This Row],[Mar-27]])/MensData[[#This Row],[Mar-27]] -> -0.031227905 | AM9: =(MensData[[#This Row],[May-27]]-MensData[[#This Row],[Apr-27]])/MensData[[#This Row],[Apr-27]] -> -0.01844362 | AN9: =(MensData[[#This Row],[Jun-27]]-MensData[[#This Row],[May-27]])/MensData[[#This Row],[May-27]] -> -0.14132135
C10: X - Replies | D10: 1340 | E10: 2400 | F10: 3300 | G10: 3900 | H10: 4700 | I10: 3800 | J10: 3200 | K10: 3900 | L10: 6400 | M10: 7544 | N10: 7200 | O10: 6500 | P10: 5600 | Q10: 7234 | Z10: X - Replies | AB10: =(MensData[[#This Row],[Jun-26]]-MensData[[#This Row],[May-26]])/MensData[[#This Row],[May-26]] -> 0.79104478 | AC10: =(MensData[[#This Row],[Jul-26]]-MensData[[#This Row],[Jun-26]])/MensData[[#This Row],[Jun-26]] -> 0.375 | AD10: =(MensData[[#This Row],[Aug-26]]-MensData[[#This Row],[Jul-26]])/MensData[[#This Row],[Jul-26]] -> 0.18181818 | AE10: =(MensData[[#This Row],[Sep-26]]-MensData[[#This Row],[Aug-26]])/MensData[[#This Row],[Aug-26]] -> 0.20512821 | AF10: =(MensData[[#This Row],[Oct-26]]-MensData[[#This Row],[Sep-26]])/MensData[[#This Row],[Sep-26]] -> -0.19148936 | AG10: =(MensData[[#This Row],[Nov-26]]-MensData[[#This Row],[Oct-26]])/MensData[[#This Row],[Oct-26]] -> -0.15789474 | AH10: =(MensData[[#This Row],[Dec-26]]-MensData[[#This Row],[Nov-26]])/MensData[[#This Row],[Nov-26]] -> 0.21875 | AI10: =(MensData[[#This Row],[Jan-27]]-MensData[[#This Row],[Dec-26]])/MensData[[#This Row],[Dec-26]] -> 0.64102564 | AJ10: =(MensData[[#This Row],[Feb-27]]-MensData[[#This Row],[Jan-27]])/MensData[[#This Row],[Jan-27]] -> 0.17875 | AK10: =(MensData[[#This Row],[Mar-27]]-MensData[[#This Row],[Feb-27]])/MensData[[#This Row],[Feb-27]] -> -0.045599152 | AL10: =(MensData[[#This Row],[Apr-27]]-MensData[[#This Row],[Mar-27]])/MensData[[#This Row],[Mar-27]] -> -0.097222222 | AM10: =(MensData[[#This Row],[May-27]]-MensData[[#This Row],[Apr-27]])/MensData[[#This Row],[Apr-27]] -> -0.13846154 | AN10: =(MensData[[#This Row],[Jun-27]]-MensData[[#This Row],[May-27]])/MensData[[#This Row],[May-27]] -> 0.29178571
C11: X - Likes | D11: 14270 | E11: 27400 | F11: 52300 | G11: 57600 | H11: 37600 | I11: 10800 | J11: 22500 | K11: 26300 | L11: 49065 | M11: 51890 | N11: 43444 | O11: 47089 | P11: 51234 | Q11: 32000 | Z11: X - Likes | AB11: =(MensData[[#This Row],[Jun-26]]-MensData[[#This Row],[May-26]])/MensData[[#This Row],[May-26]] -> 0.92011212 | AC11: =(MensData[[#This Row],[Jul-26]]-MensData[[#This Row],[Jun-26]])/MensData[[#This Row],[Jun-26]] -> 0.90875912 | AD11: =(MensData[[#This Row],[Aug-26]]-MensData[[#This Row],[Jul-26]])/MensData[[#This Row],[Jul-26]] -> 0.10133843 | AE11: =(MensData[[#This Row],[Sep-26]]-MensData[[#This Row],[Aug-26]])/MensData[[#This Row],[Aug-26]] -> -0.34722222 | AF11: =(MensData[[#This Row],[Oct-26]]-MensData[[#This Row],[Sep-26]])/MensData[[#This Row],[Sep-26]] -> -0.71276596 | AG11: =(MensData[[#This Row],[Nov-26]]-MensData[[#This Row],[Oct-26]])/MensData[[#This Row],[Oct-26]] -> 1.0833333 | AH11: =(MensData[[#This Row],[Dec-26]]-MensData[[#This Row],[Nov-26]])/MensData[[#This Row],[Nov-26]] -> 0.16888889 | AI11: =(MensData[[#This Row],[Jan-27]]-MensData[[#This Row],[Dec-26]])/MensData[[#This Row],[Dec-26]] -> 0.86558935 | AJ11: =(MensData[[#This Row],[Feb-27]]-MensData[[#This Row],[Jan-27]])/MensData[[#This Row],[Jan-27]] -> 0.057576684 | AK11: =(MensData[[#This Row],[Mar-27]]-MensData[[#This Row],[Feb-27]])/MensData[[#This Row],[Feb-27]] -> -0.16276739 | AL11: =(MensData[[#This Row],[Apr-27]]-MensData[[#This Row],[Mar-27]])/MensData[[#This Row],[Mar-27]] -> 0.083901114 | AM11: =(MensData[[#This Row],[May-27]]-MensData[[#This Row],[Apr-27]])/MensData[[#This Row],[Apr-27]] -> 0.088024804 | AN11: =(MensData[[#This Row],[Jun-27]]-MensData[[#This Row],[May-27]])/MensData[[#This Row],[May-27]] -> -0.37541476
C12: X - Reposts | D12: 899 | E12: 1700 | F12: 2300 | G12: 3100 | H12: 2400 | I12: 992 | J12: 1400 | K12: 1300 | L12: 3466 | M12: 2456 | N12: 1234 | O12: 4321 | P12: 2341 | Q12: 3421 | Z12: X - Reposts | AB12: =(MensData[[#This Row],[Jun-26]]-MensData[[#This Row],[May-26]])/MensData[[#This Row],[May-26]] -> 0.89098999 | AC12: =(MensData[[#This Row],[Jul-26]]-MensData[[#This Row],[Jun-26]])/MensData[[#This Row],[Jun-26]] -> 0.35294118 | AD12: =(MensData[[#This Row],[Aug-26]]-MensData[[#This Row],[Jul-26]])/MensData[[#This Row],[Jul-26]] -> 0.34782609 | AE12: =(MensData[[#This Row],[Sep-26]]-MensData[[#This Row],[Aug-26]])/MensData[[#This Row],[Aug-26]] -> -0.22580645 | AF12: =(MensData[[#This Row],[Oct-26]]-MensData[[#This Row],[Sep-26]])/MensData[[#This Row],[Sep-26]] -> -0.58666667 | AG12: =(MensData[[#This Row],[Nov-26]]-MensData[[#This Row],[Oct-26]])/MensData[[#This Row],[Oct-26]] -> 0.41129032 | AH12: =(MensData[[#This Row],[Dec-26]]-MensData[[#This Row],[Nov-26]])/MensData[[#This Row],[Nov-26]] -> -0.071428571 | AI12: =(MensData[[#This Row],[Jan-27]]-MensData[[#This Row],[Dec-26]])/MensData[[#This Row],[Dec-26]] -> 1.6661538 | AJ12: =(MensData[[#This Row],[Feb-27]]-MensData[[#This Row],[Jan-27]])/MensData[[#This Row],[Jan-27]] -> -0.29140219 | AK12: =(MensData[[#This Row],[Mar-27]]-MensData[[#This Row],[Feb-27]])/MensData[[#This Row],[Feb-27]] -> -0.497557 | AL12: =(MensData[[#This Row],[Apr-27]]-MensData[[#This Row],[Mar-27]])/MensData[[#This Row],[Mar-27]] -> 2.5016207 | AM12: =(MensData[[#This Row],[May-27]]-MensData[[#This Row],[Apr-27]])/MensData[[#This Row],[Apr-27]] -> -0.45822726 | AN12: =(MensData[[#This Row],[Jun-27]]-MensData[[#This Row],[May-27]])/MensData[[#This Row],[May-27]] -> 0.46134131
C13: X - Bookmarks | D13: 456 | E13: 817 | F13: 1100 | G13: 859 | H13: 731 | I13: 394 | J13: 446 | K13: 527 | L13: 1240 | M13: 980 | N13: 970 | O13: 567 | P13: 657 | Q13: 598 | Z13: X - Bookmarks | AB13: =(MensData[[#This Row],[Jun-26]]-MensData[[#This Row],[May-26]])/MensData[[#This Row],[May-26]] -> 0.79166667 | AC13: =(MensData[[#This Row],[Jul-26]]-MensData[[#This Row],[Jun-26]])/MensData[[#This Row],[Jun-26]] -> 0.34638923 | AD13: =(MensData[[#This Row],[Aug-26]]-MensData[[#This Row],[Jul-26]])/MensData[[#This Row],[Jul-26]] -> -0.21909091 | AE13: =(MensData[[#This Row],[Sep-26]]-MensData[[#This Row],[Aug-26]])/MensData[[#This Row],[Aug-26]] -> -0.14901048 | AF13: =(MensData[[#This Row],[Oct-26]]-MensData[[#This Row],[Sep-26]])/MensData[[#This Row],[Sep-26]] -> -0.46101231 | AG13: =(MensData[[#This Row],[Nov-26]]-MensData[[#This Row],[Oct-26]])/MensData[[#This Row],[Oct-26]] -> 0.1319797 | AH13: =(MensData[[#This Row],[Dec-26]]-MensData[[#This Row],[Nov-26]])/MensData[[#This Row],[Nov-26]] -> 0.18161435 | AI13: =(MensData[[#This Row],[Jan-27]]-MensData[[#This Row],[Dec-26]])/MensData[[#This Row],[Dec-26]] -> 1.3529412 | AJ13: =(MensData[[#This Row],[Feb-27]]-MensData[[#This Row],[Jan-27]])/MensData[[#This Row],[Jan-27]] -> -0.20967742 | AK13: =(MensData[[#This Row],[Mar-27]]-MensData[[#This Row],[Feb-27]])/MensData[[#This Row],[Feb-27]] -> -0.010204082 | AL13: =(MensData[[#This Row],[Apr-27]]-MensData[[#This Row],[Mar-27]])/MensData[[#This Row],[Mar-27]] -> -0.41546392 | AM13: =(MensData[[#This Row],[May-27]]-MensData[[#This Row],[Apr-27]])/MensData[[#This Row],[Apr-27]] -> 0.15873016 | AN13: =(MensData[[#This Row],[Jun-27]]-MensData[[#This Row],[May-27]])/MensData[[#This Row],[May-27]] -> -0.089802131
C14: X - Shares | D14: 1034 | E14: 1800 | F14: 1900 | G14: 1300 | H14: 1200 | I14: 548 | J14: 574 | K14: 576 | L14: 2242 | M14: 768 | N14: 1022 | O14: 456 | P14: 678 | Q14: 777 | Z14: X - Shares | AB14: =(MensData[[#This Row],[Jun-26]]-MensData[[#This Row],[May-26]])/MensData[[#This Row],[May-26]] -> 0.74081238 | AC14: =(MensData[[#This Row],[Jul-26]]-MensData[[#This Row],[Jun-26]])/MensData[[#This Row],[Jun-26]] -> 0.055555556 | AD14: =(MensData[[#This Row],[Aug-26]]-MensData[[#This Row],[Jul-26]])/MensData[[#This Row],[Jul-26]] -> -0.31578947 | AE14: =(MensData[[#This Row],[Sep-26]]-MensData[[#This Row],[Aug-26]])/MensData[[#This Row],[Aug-26]] -> -0.076923077 | AF14: =(MensData[[#This Row],[Oct-26]]-MensData[[#This Row],[Sep-26]])/MensData[[#This Row],[Sep-26]] -> -0.54333333 | AG14: =(MensData[[#This Row],[Nov-26]]-MensData[[#This Row],[Oct-26]])/MensData[[#This Row],[Oct-26]] -> 0.047445255 | AH14: =(MensData[[#This Row],[Dec-26]]-MensData[[#This Row],[Nov-26]])/MensData[[#This Row],[Nov-26]] -> 0.0034843206 | AI14: =(MensData[[#This Row],[Jan-27]]-MensData[[#This Row],[Dec-26]])/MensData[[#This Row],[Dec-26]] -> 2.8923611 | AJ14: =(MensData[[#This Row],[Feb-27]]-MensData[[#This Row],[Jan-27]])/MensData[[#This Row],[Jan-27]] -> -0.65744871 | AK14: =(MensData[[#This Row],[Mar-27]]-MensData[[#This Row],[Feb-27]])/MensData[[#This Row],[Feb-27]] -> 0.33072917 | AL14: =(MensData[[#This Row],[Apr-27]]-MensData[[#This Row],[Mar-27]])/MensData[[#This Row],[Mar-27]] -> -0.55381605 | AM14: =(MensData[[#This Row],[May-27]]-MensData[[#This Row],[Apr-27]])/MensData[[#This Row],[Apr-27]] -> 0.48684211 | AN14: =(MensData[[#This Row],[Jun-27]]-MensData[[#This Row],[May-27]])/MensData[[#This Row],[May-27]] -> 0.1460177
C15: X - Video Views | D15: 342600 | E15: 493400 | F15: 698800 | G15: 613900 | H15: 322100 | I15: 233500 | J15: 207700 | K15: 255432 | L15: 464100 | M15: 450000 | N15: 465789 | O15: 657000 | P15: 451232 | Q15: 442789 | Z15: X - Video Views | AB15: =(MensData[[#This Row],[Jun-26]]-MensData[[#This Row],[May-26]])/MensData[[#This Row],[May-26]] -> 0.44016346 | AC15: =(MensData[[#This Row],[Jul-26]]-MensData[[#This Row],[Jun-26]])/MensData[[#This Row],[Jun-26]] -> 0.4162951 | AD15: =(MensData[[#This Row],[Aug-26]]-MensData[[#This Row],[Jul-26]])/MensData[[#This Row],[Jul-26]] -> -0.12149399 | AE15: =(MensData[[#This Row],[Sep-26]]-MensData[[#This Row],[Aug-26]])/MensData[[#This Row],[Aug-26]] -> -0.47532171 | AF15: =(MensData[[#This Row],[Oct-26]]-MensData[[#This Row],[Sep-26]])/MensData[[#This Row],[Sep-26]] -> -0.27506985 | AG15: =(MensData[[#This Row],[Nov-26]]-MensData[[#This Row],[Oct-26]])/MensData[[#This Row],[Oct-26]] -> -0.11049251 | AH15: =(MensData[[#This Row],[Dec-26]]-MensData[[#This Row],[Nov-26]])/MensData[[#This Row],[Nov-26]] -> 0.22981223 | AI15: =(MensData[[#This Row],[Jan-27]]-MensData[[#This Row],[Dec-26]])/MensData[[#This Row],[Dec-26]] -> 0.81692192 | AJ15: =(MensData[[#This Row],[Feb-27]]-MensData[[#This Row],[Jan-27]])/MensData[[#This Row],[Jan-27]] -> -0.030381383 | AK15: =(MensData[[#This Row],[Mar-27]]-MensData[[#This Row],[Feb-27]])/MensData[[#This Row],[Feb-27]] -> 0.035086667 | AL15: =(MensData[[#This Row],[Apr-27]]-MensData[[#This Row],[Mar-27]])/MensData[[#This Row],[Mar-27]] -> 0.41050991 | AM15: =(MensData[[#This Row],[May-27]]-MensData[[#This Row],[Apr-27]])/MensData[[#This Row],[Apr-27]] -> -0.3131933 | AN15: =(MensData[[#This Row],[Jun-27]]-MensData[[#This Row],[May-27]])/MensData[[#This Row],[May-27]] -> -0.018710996
C16: TT - Views | D16: 800000 | E16: 1000000 | F16: 1400000 | G16: 454000 | H16: 237000 | I16: 48000 | J16: 241000 | K16: 486000 | L16: 689000 | M16: 700100 | N16: 771222 | O16: 675688 | P16: 564355 | Q16: 546788 | Z16: TT - Views | AB16: =(MensData[[#This Row],[Jun-26]]-MensData[[#This Row],[May-26]])/MensData[[#This Row],[May-26]] -> 0.25 | AC16: =(MensData[[#This Row],[Jul-26]]-MensData[[#This Row],[Jun-26]])/MensData[[#This Row],[Jun-26]] -> 0.4 | AD16: =(MensData[[#This Row],[Aug-26]]-MensData[[#This Row],[Jul-26]])/MensData[[#This Row],[Jul-26]] -> -0.67571429 | AE16: =(MensData[[#This Row],[Sep-26]]-MensData[[#This Row],[Aug-26]])/MensData[[#This Row],[Aug-26]] -> -0.47797357 | AF16: =(MensData[[#This Row],[Oct-26]]-MensData[[#This Row],[Sep-26]])/MensData[[#This Row],[Sep-26]] -> -0.79746835 | AG16: =(MensData[[#This Row],[Nov-26]]-MensData[[#This Row],[Oct-26]])/MensData[[#This Row],[Oct-26]] -> 4.0208333 | AH16: =(MensData[[#This Row],[Dec-26]]-MensData[[#This Row],[Nov-26]])/MensData[[#This Row],[Nov-26]] -> 1.0165975 | AI16: =(MensData[[#This Row],[Jan-27]]-MensData[[#This Row],[Dec-26]])/MensData[[#This Row],[Dec-26]] -> 0.41769547 | AJ16: =(MensData[[#This Row],[Feb-27]]-MensData[[#This Row],[Jan-27]])/MensData[[#This Row],[Jan-27]] -> 0.016110305 | AK16: =(MensData[[#This Row],[Mar-27]]-MensData[[#This Row],[Feb-27]])/MensData[[#This Row],[Feb-27]] -> 0.10158834 | AL16: =(MensData[[#This Row],[Apr-27]]-MensData[[#This Row],[Mar-27]])/MensData[[#This Row],[Mar-27]] -> -0.12387354 | AM16: =(MensData[[#This Row],[May-27]]-MensData[[#This Row],[Apr-27]])/MensData[[#This Row],[Apr-27]] -> -0.16476983 | AN16: =(MensData[[#This Row],[Jun-27]]-MensData[[#This Row],[May-27]])/MensData[[#This Row],[May-27]] -> -0.03112757
... C34: LINKEDIN - Comments | D34: 43 | E34: 23 | F34: 35 | G34: 42 | H34: 37 | I34: 82 | J34: 56 | K34: 73 | L34: 66 | M34: 32 | N34: 45 | O34: 64 | P34: 48 | Q34: 52 | Z34: LINKEDIN - Comments | AB34: =(MensData[[#This Row],[Jun-26]]-MensData[[#This Row],[May-26]])/MensData[[#This Row],[May-26]] -> -0.46511628 | AC34: =(MensData[[#This Row],[Jul-26]]-MensData[[#This Row],[Jun-26]])/MensData[[#This Row],[Jun-26]] -> 0.52173913 | AD34: =(MensData[[#This Row],[Aug-26]]-MensData[[#This Row],[Jul-26]])/MensData[[#This Row],[Jul-26]] -> 0.2 | AE34: =(MensData[[#This Row],[Sep-26]]-MensData[[#This Row],[Aug-26]])/MensData[[#This Row],[Aug-26]] -> -0.11904762 | AF34: =(MensData[[#This Row],[Oct-26]]-MensData[[#This Row],[Sep-26]])/MensData[[#This Row],[Sep-26]] -> 1.2162162 | AG34: =(MensData[[#This Row],[Nov-26]]-MensData[[#This Row],[Oct-26]])/MensData[[#This Row],[Oct-26]] -> -0.31707317 | AH34: =(MensData[[#This Row],[Dec-26]]-MensData[[#This Row],[Nov-26]])/MensData[[#This Row],[Nov-26]] -> 0.30357143 | AI34: =(MensData[[#This Row],[Jan-27]]-MensData[[#This Row],[Dec-26]])/MensData[[#This Row],[Dec-26]] -> -0.095890411 | AJ34: =(MensData[[#This Row],[Feb-27]]-MensData[[#This Row],[Jan-27]])/MensData[[#This Row],[Jan-27]] -> -0.51515152 | AK34: =(MensData[[#This Row],[Mar-27]]-MensData[[#This Row],[Feb-27]])/MensData[[#This Row],[Feb-27]] -> 0.40625 | AL34: =(MensData[[#This Row],[Apr-27]]-MensData[[#This Row],[Mar-27]])/MensData[[#This Row],[Mar-27]] -> 0.42222222 | AM34: =(MensData[[#This Row],[May-27]]-MensData[[#This Row],[Apr-27]])/MensData[[#This Row],[Apr-27]] -> -0.25 | AN34: =(MensData[[#This Row],[Jun-27]]-MensData[[#This Row],[May-27]])/MensData[[#This Row],[May-27]] -> 0.083333333

Sheet Processed Data
A1: ='Data Entry'!E4 -> Jun-26 | I1: ='Data Entry'!F4 -> Jul-26 | P1: ='Data Entry'!G4 -> Aug-26 | X1: ='Data Entry'!H4 -> Sep-26 | AF1: ='Data Entry'!I4 -> Oct-26 | AN1: ='Data Entry'!J4 -> Nov-26 | AV1: ='Data Entry'!K4 -> Dec-26 | BE1: ='Data Entry'!L4 -> Jan-27 | BM1: ='Data Entry'!M4 -> Feb-27 | BT1: ='Data Entry'!N4 -> Mar-27 | CB1: ='Data Entry'!O4 -> Apr-27 | CJ1: ='Data Entry'!P4 -> May-27 | CR1: ='Data Entry'!Q4 -> Jun-27
A3: X | B3: Metric | C3: Amount | D3: Monthly Change | I3: X | J3: Metric | K3: Amount | L3: Monthly Change | P3: X | Q3: Metric | R3: Amount | S3: Monthly Change | X3: X | Y3: Metric | Z3: Amount | AA3: Monthly Change | AF3: X | AG3: Metric | AH3: Amount | AI3: Monthly Change | AN3: X | AO3: Metric | AP3: Amount | AQ3: Monthly Change | AV3: X | AW3: Metric | AX3: Amount | AY3: Monthly Change | BE3: X | BF3: Metric | BG3: Amount | BH3: Monthly Change | BM3: X | BN3: Metric | BO3: Amount | BP3: Monthly Change | BT3: X | BU3: Metric | BV3: Amount | BW3: Monthly Change | CB3: X | CC3: Metric | CD3: Amount | CE3: Monthly Change | CJ3: X | CK3: Metric | CL3: Amount | CM3: Monthly Change | CR3: X | CS3: Metric | CT3: Amount | CU3: Monthly Change
B4: Followers | C4: ='Data Entry'!E5 -> 233000 | D4: ='Data Entry'!AB5 -> 0.0043103448 | J4: Followers | K4: ='Data Entry'!F5 -> 233423 | L4: ='Data Entry'!AC5 -> 0.0018154506 | Q4: Followers | R4: ='Data Entry'!G5 -> 236781 | S4: ='Data Entry'!AD5 -> 0.0143859 | Y4: Followers | Z4: ='Data Entry'!H5 -> 240543 | AA4: ='Data Entry'!AE5 -> 0.015888099 | AG4: Followers | AH4: ='Data Entry'!I5 -> 238000 | AI4: ='Data Entry'!AF5 -> -0.010571914 | AO4: Followers | AP4: ='Data Entry'!J5 -> 241300 | AQ4: ='Data Entry'!AG5 -> 0.013865546 | AW4: Followers | AX4: ='Data Entry'!K5 -> 242000 | AY4: ='Data Entry'!AH5 -> 0.0029009532 | BF4: Followers | BG4: ='Data Entry'!L5 -> 242222 | BH4: ='Data Entry'!AI5 -> 0.00091735537 | BN4: Followers | BO4: ='Data Entry'!M5 -> 245654 | BP4: ='Data Entry'!AJ5 -> 0.01416882 | BU4: Followers | BV4: ='Data Entry'!N5 -> 246578 | BW4: ='Data Entry'!AK5 -> 0.003761388 | CC4: Followers | CD4: ='Data Entry'!O5 -> 247600 | CE4: ='Data Entry'!AL5 -> 0.0041447331 | CK4: Followers | CL4: ='Data Entry'!P5 -> 247800 | CM4: ='Data Entry'!AM5 -> 0.00080775444 | CS4: Followers | CT4: ='Data Entry'!Q5 -> 246546 | CU4: ='Data Entry'!AN5 -> -0.0050605327
B5: Impressions | C5: ='Data Entry'!E6 -> 6200000 | D5: ='Data Entry'!AB6 -> 0.42006413 | J5: Impressions | K5: ='Data Entry'!F6 -> 9400000 | L5: ='Data Entry'!AC6 -> 0.51612903 | Q5: Impressions | R5: ='Data Entry'!G6 -> 9000000 | S5: ='Data Entry'!AD6 -> -0.042553191 | Y5: Impressions | Z5: ='Data Entry'!H6 -> 7500000 | AA5: ='Data Entry'!AE6 -> -0.16666667 | AG5: Impressions | AH5: ='Data Entry'!I6 -> 3700000 | AI5: ='Data Entry'!AF6 -> -0.50666667 | AO5: Impressions | AP5: ='Data Entry'!J6 -> 4400000 | AQ5: ='Data Entry'!AG6 -> 0.18918919 | AW5: Impressions | AX5: ='Data Entry'!K6 -> 3900000 | AY5: ='Data Entry'!AH6 -> -0.11363636 | BF5: Impressions | BG5: ='Data Entry'!L6 -> 6543210 | BH5: ='Data Entry'!AI6 -> 0.67774615 | BN5: Impressions | BO5: ='Data Entry'!M6 -> 4580000 | BP5: ='Data Entry'!AJ6 -> -0.30003775 | BU5: Impressions | BV5: ='Data Entry'!N6 -> 4356701 | BW5: ='Data Entry'!AK6 -> -0.04875524 | CC5: Impressions | CD5: ='Data Entry'!O6 -> 5670002 | CE5: ='Data Entry'!AL6 -> 0.30144391 | CK5: Impressions | CL5: ='Data Entry'!P6 -> 5458970 | CM5: ='Data Entry'!AM6 -> -0.037219034 | CS5: Impressions | CT5: ='Data Entry'!Q6 -> 4325671 | CU5: ='Data Entry'!AN6 -> -0.20760308
B6: Engagement rate | C6: ='Data Entry'!E7 -> 0.043 | D6: ='Data Entry'!AB7 -> 0.79166667 | J6: Engagement rate | K6: ='Data Entry'!F7 -> 0.044 | L6: ='Data Entry'!AC7 -> 0.023255814 | Q6: Engagement rate | R6: ='Data Entry'!G7 -> 0.041 | S6: ='Data Entry'!AD7 -> -0.068181818 | Y6: Engagement rate | Z6: ='Data Entry'!H7 -> 0.041 | AA6: ='Data Entry'!AE7 -> 0 | AG6: Engagement rate | AH6: ='Data Entry'!I7 -> 0.038 | AI6: ='Data Entry'!AF7 -> -0.073170732 | AO6: Engagement rate | AP6: ='Data Entry'!J7 -> 0.042 | AQ6: ='Data Entry'!AG7 -> 0.10526316 | AW6: Engagement rate | AX6: ='Data Entry'!K7 -> 0.046 | AY6: ='Data Entry'!AH7 -> 0.095238095 | BF6: Engagement rate | BG6: ='Data Entry'!L7 -> 0.039 | BH6: ='Data Entry'!AI7 -> -0.15217391 | BN6: Engagement rate | BO6: ='Data Entry'!M7 -> 0.027 | BP6: ='Data Entry'!AJ7 -> -0.30769231 | BU6: Engagement rate | BV6: ='Data Entry'!N7 -> 0.0333 | BW6: ='Data Entry'!AK7 -> 0.23333333 | CC6: Engagement rate | CD6: ='Data Entry'!O7 -> 0.0453 | CE6: ='Data Entry'!AL7 -> 0.36036036 | CK6: Engagement rate | CL6: ='Data Entry'!P7 -> 0.0432 | CM6: ='Data Entry'!AM7 -> -0.046357616 | CS6: Engagement rate | CT6: ='Data Entry'!Q7 -> 0.0345 | CU6: ='Data Entry'!AN7 -> -0.20138889
B7: Engagements | C7: ='Data Entry'!E8 -> 357000 | D7: ='Data Entry'!AB8 -> 1.625 | J7: Engagements | K7: ='Data Entry'!F8 -> 422500 | L7: ='Data Entry'!AC8 -> 0.18347339 | Q7: Engagements | R7: ='Data Entry'!G8 -> 377700 | S7: ='Data Entry'!AD8 -> -0.1060355 | Y7: Engagements | Z7: ='Data Entry'!H8 -> 313000 | AA7: ='Data Entry'!AE8 -> -0.17129997 | AG7: Engagements | AH7: ='Data Entry'!I8 -> 134000 | AI7: ='Data Entry'!AF8 -> -0.57188498 | AO7: Engagements | AP7: ='Data Entry'!J8 -> 189700 | AQ7: ='Data Entry'!AG8 -> 0.41567164 | AW7: Engagements | AX7: ='Data Entry'!K8 -> 183400 | AY7: ='Data Entry'!AH8 -> -0.033210332 | BF7: Engagements | BG7: ='Data Entry'!L8 -> 386154 | BH7: ='Data Entry'!AI8 -> 1.1055289 | BN7: Engagements | BO7: ='Data Entry'!M8 -> 432111 | BP7: ='Data Entry'!AJ8 -> 0.1190121 | BU7: Engagements | BV7: ='Data Entry'!N8 -> 422111 | BW7: ='Data Entry'!AK8 -> -0.023142202 | CC7: Engagements | CD7: ='Data Entry'!O8 -> 234555 | CE7: ='Data Entry'!AL8 -> -0.44432862 | CK7: Engagements | CL7: ='Data Entry'!P8 -> 324123 | CM7: ='Data Entry'!AM8 -> 0.38186353 | CS7: Engagements | CT7: ='Data Entry'!Q8 -> 326122 | CU7: ='Data Entry'!AN8 -> 0.0061674118
B8: Profile visits | C8: ='Data Entry'!E9 -> 89200 | D8: ='Data Entry'!AB9 -> 1.9932886 | J8: Profile visits | K8: ='Data Entry'!F9 -> 100600 | L8: ='Data Entry'!AC9 -> 0.12780269 | Q8: Profile visits | R8: ='Data Entry'!G9 -> 71900 | S8: ='Data Entry'!AD9 -> -0.28528827 | Y8: Profile visits | Z8: ='Data Entry'!H9 -> 68100 | AA8: ='Data Entry'!AE9 -> -0.052851182 | AG8: Profile visits | AH8: ='Data Entry'!I9 -> 34300 | AI8: ='Data Entry'!AF9 -> -0.49632893 | AO8: Profile visits | AP8: ='Data Entry'!J9 -> 38900 | AQ8: ='Data Entry'!AG9 -> 0.13411079 | AW8: Profile visits | AX8: ='Data Entry'!K9 -> 33900 | AY8: ='Data Entry'!AH9 -> -0.1285347 | BF8: Profile visits | BG8: ='Data Entry'!L9 -> 69040 | BH8: ='Data Entry'!AI9 -> 1.0365782 | BN8: Profile visits | BO8: ='Data Entry'!M9 -> 70123 | BP8: ='Data Entry'!AJ9 -> 0.015686559 | BU8: Profile visits | BV8: ='Data Entry'!N9 -> 67888 | BW8: ='Data Entry'!AK9 -> -0.031872567 | CC8: Profile visits | CD8: ='Data Entry'!O9 -> 65768 | CE8: ='Data Entry'!AL9 -> -0.031227905 | CK8: Profile visits | CL8: ='Data Entry'!P9 -> 64555 | CM8: ='Data Entry'!AM9 -> -0.01844362 | CS8: Profile visits | CT8: ='Data Entry'!Q9 -> 55432 | CU8: ='Data Entry'!AN9 -> -0.14132135
B9: Replies | C9: ='Data Entry'!E10 -> 2400 | D9: ='Data Entry'!AB10 -> 0.79104478 | J9: Replies | K9: ='Data Entry'!F10 -> 3300 | L9: ='Data Entry'!AC10 -> 0.375 | Q9: Replies | R9: ='Data Entry'!G10 -> 3900 | S9: ='Data Entry'!AD10 -> 0.18181818 | Y9: Replies | Z9: ='Data Entry'!H10 -> 4700 | AA9: ='Data Entry'!AE10 -> 0.20512821 | AG9: Replies | AH9: ='Data Entry'!I10 -> 3800 | AI9: ='Data Entry'!AF10 -> -0.19148936 | AO9: Replies | AP9: ='Data Entry'!J10 -> 3200 | AQ9: ='Data Entry'!AG10 -> -0.15789474 | AW9: Replies | AX9: ='Data Entry'!K10 -> 3900 | AY9: ='Data Entry'!AH10 -> 0.21875 | BF9: Replies | BG9: ='Data Entry'!L10 -> 6400 | BH9: ='Data Entry'!AI10 -> 0.64102564 | BN9: Replies | BO9: ='Data Entry'!M10 -> 7544 | BP9: ='Data Entry'!AJ10 -> 0.17875 | BU9: Replies | BV9: ='Data Entry'!N10 -> 7200 | BW9: ='Data Entry'!AK10 -> -0.045599152 | CC9: Replies | CD9: ='Data Entry'!O10 -> 6500 | CE9: ='Data Entry'!AL10 -> -0.097222222 | CK9: Replies | CL9: ='Data Entry'!P10 -> 5600 | CM9: ='Data Entry'!AM10 -> -0.13846154 | CS9: Replies | CT9: ='Data Entry'!Q10 -> 7234 | CU9: ='Data Entry'!AN10 -> 0.29178571
B10: Likes | C10: ='Data Entry'!E11 -> 27400 | D10: ='Data Entry'!AB11 -> 0.92011212 | J10: Likes | K10: ='Data Entry'!F11 -> 52300 | L10: ='Data Entry'!AC11 -> 0.90875912 | Q10: Likes | R10: ='Data Entry'!G11 -> 57600 | S10: ='Data Entry'!AD11 -> 0.10133843 | Y10: Likes | Z10: ='Data Entry'!H11 -> 37600 | AA10: ='Data Entry'!AE11 -> -0.34722222 | AG10: Likes | AH10: ='Data Entry'!I11 -> 10800 | AI10: ='Data Entry'!AF11 -> -0.71276596 | AO10: Likes | AP10: ='Data Entry'!J11 -> 22500 | AQ10: ='Data Entry'!AG11 -> 1.0833333 | AW10: Likes | AX10: ='Data Entry'!K11 -> 26300 | AY10: ='Data Entry'!AH11 -> 0.16888889 | BF10: Likes | BG10: ='Data Entry'!L11 -> 49065 | BH10: ='Data Entry'!AI11 -> 0.86558935 | BN10: Likes | BO10: ='Data Entry'!M11 -> 51890 | BP10: ='Data Entry'!AJ11 -> 0.057576684 | BU10: Likes | BV10: ='Data Entry'!N11 -> 43444 | BW10: ='Data Entry'!AK11 -> -0.16276739 | CC10: Likes | CD10: ='Data Entry'!O11 -> 47089 | CE10: ='Data Entry'!AL11 -> 0.083901114 | CK10: Likes | CL10: ='Data Entry'!P11 -> 51234 | CM10: ='Data Entry'!AM11 -> 0.088024804 | CS10: Likes | CT10: ='Data Entry'!Q11 -> 32000 | CU10: ='Data Entry'!AN11 -> -0.37541476
B11: Reposts | C11: ='Data Entry'!E12 -> 1700 | D11: ='Data Entry'!AB12 -> 0.89098999 | J11: Reposts | K11: ='Data Entry'!F12 -> 2300 | L11: ='Data Entry'!AC12 -> 0.35294118 | Q11: Reposts | R11: ='Data Entry'!G12 -> 3100 | S11: ='Data Entry'!AD12 -> 0.34782609 | Y11: Reposts | Z11: ='Data Entry'!H12 -> 2400 | AA11: ='Data Entry'!AE12 -> -0.22580645 | AG11: Reposts | AH11: ='Data Entry'!I12 -> 992 | AI11: ='Data Entry'!AF12 -> -0.58666667 | AO11: Reposts | AP11: ='Data Entry'!J12 -> 1400 | AQ11: ='Data Entry'!AG12 -> 0.41129032 | AW11: Reposts | AX11: ='Data Entry'!K12 -> 1300 | AY11: ='Data Entry'!AH12 -> -0.071428571 | BF11: Reposts | BG11: ='Data Entry'!L12 -> 3466 | BH11: ='Data Entry'!AI12 -> 1.6661538 | BN11: Reposts | BO11: ='Data Entry'!M12 -> 2456 | BP11: ='Data Entry'!AJ12 -> -0.29140219 | BU11: Reposts | BV11: ='Data Entry'!N12 -> 1234 | BW11: ='Data Entry'!AK12 -> -0.497557 | CC11: Reposts | CD11: ='Data Entry'!O12 -> 4321 | CE11: ='Data Entry'!AL12 -> 2.5016207 | CK11: Reposts | CL11: ='Data Entry'!P12 -> 2341 | CM11: ='Data Entry'!AM12 -> -0.45822726 | CS11: Reposts | CT11: ='Data Entry'!Q12 -> 3421 | CU11: ='Data Entry'!AN12 -> 0.46134131
B12: Bookmarks | C12: ='Data Entry'!E13 -> 817 | D12: ='Data Entry'!AB13 -> 0.79166667 | J12: Bookmarks | K12: ='Data Entry'!F13 -> 1100 | L12: ='Data Entry'!AC13 -> 0.34638923 | Q12: Bookmarks | R12: ='Data Entry'!G13 -> 859 | S12: ='Data Entry'!AD13 -> -0.21909091 | Y12: Bookmarks | Z12: ='Data Entry'!H13 -> 731 | AA12: ='Data Entry'!AE13 -> -0.14901048 | AG12: Bookmarks | AH12: ='Data Entry'!I13 -> 394 | AI12: ='Data Entry'!AF13 -> -0.46101231 | AO12: Bookmarks | AP12: ='Data Entry'!J13 -> 446 | AQ12: ='Data Entry'!AG13 -> 0.1319797 | AW12: Bookmarks | AX12: ='Data Entry'!K13 -> 527 | AY12: ='Data Entry'!AH13 -> 0.18161435 | BF12: Bookmarks | BG12: ='Data Entry'!L13 -> 1240 | BH12: ='Data Entry'!AI13 -> 1.3529412 | BN12: Bookmarks | BO12: ='Data Entry'!M13 -> 980 | BP12: ='Data Entry'!AJ13 -> -0.20967742 | BU12: Bookmarks | BV12: ='Data Entry'!N13 -> 970 | BW12: ='Data Entry'!AK13 -> -0.010204082 | CC12: Bookmarks | CD12: ='Data Entry'!O13 -> 567 | CE12: ='Data Entry'!AL13 -> -0.41546392 | CK12: Bookmarks | CL12: ='Data Entry'!P13 -> 657 | CM12: ='Data Entry'!AM13 -> 0.15873016 | CS12: Bookmarks | CT12: ='Data Entry'!Q13 -> 598 | CU12: ='Data Entry'!AN13 -> -0.089802131
B13: Shares | C13: ='Data Entry'!E14 -> 1800 | D13: ='Data Entry'!AB14 -> 0.74081238 | J13: Shares | K13: ='Data Entry'!F14 -> 1900 | L13: ='Data Entry'!AC14 -> 0.055555556 | Q13: Shares | R13: ='Data Entry'!G14 -> 1300 | S13: ='Data Entry'!AD14 -> -0.31578947 | Y13: Shares | Z13: ='Data Entry'!H14 -> 1200 | AA13: ='Data Entry'!AE14 -> -0.076923077 | AG13: Shares | AH13: ='Data Entry'!I14 -> 548 | AI13: ='Data Entry'!AF14 -> -0.54333333 | AO13: Shares | AP13: ='Data Entry'!J14 -> 574 | AQ13: ='Data Entry'!AG14 -> 0.047445255 | AW13: Shares | AX13: ='Data Entry'!K14 -> 576 | AY13: ='Data Entry'!AH14 -> 0.0034843206 | BF13: Shares | BG13: ='Data Entry'!L14 -> 2242 | BH13: ='Data Entry'!AI14 -> 2.8923611 | BN13: Shares | BO13: ='Data Entry'!M14 -> 768 | BP13: ='Data Entry'!AJ14 -> -0.65744871 | BU13: Shares | BV13: ='Data Entry'!N14 -> 1022 | BW13: ='Data Entry'!AK14 -> 0.33072917 | CC13: Shares | CD13: ='Data Entry'!O14 -> 456 | CE13: ='Data Entry'!AL14 -> -0.55381605 | CK13: Shares | CL13: ='Data Entry'!P14 -> 678 | CM13: ='Data Entry'!AM14 -> 0.48684211 | CS13: Shares | CT13: ='Data Entry'!Q14 -> 777 | CU13: ='Data Entry'!AN14 -> 0.1460177
B14: Video Views | C14: ='Data Entry'!E15 -> 493400 | D14: ='Data Entry'!AB15 -> 0.44016346 | J14: Video Views | K14: ='Data Entry'!F15 -> 698800 | L14: ='Data Entry'!AC15 -> 0.4162951 | Q14: Video Views | R14: ='Data Entry'!G15 -> 613900 | S14: ='Data Entry'!AD15 -> -0.12149399 | Y14: Video Views | Z14: ='Data Entry'!H15 -> 322100 | AA14: ='Data Entry'!AE15 -> -0.47532171 | AG14: Video Views | AH14: ='Data Entry'!I15 -> 233500 | AI14: ='Data Entry'!AF15 -> -0.27506985 | AO14: Video Views | AP14: ='Data Entry'!J15 -> 207700 | AQ14: ='Data Entry'!AG15 -> -0.11049251 | AW14: Video Views | AX14: ='Data Entry'!K15 -> 255432 | AY14: ='Data Entry'!AH15 -> 0.22981223 | BF14: Video Views | BG14: ='Data Entry'!L15 -> 464100 | BH14: ='Data Entry'!AI15 -> 0.81692192 | BN14: Video Views | BO14: ='Data Entry'!M15 -> 450000 | BP14: ='Data Entry'!AJ15 -> -0.030381383 | BU14: Video Views | BV14: ='Data Entry'!N15 -> 465789 | BW14: ='Data Entry'!AK15 -> 0.035086667 | CC14: Video Views | CD14: ='Data Entry'!O15 -> 657000 | CE14: ='Data Entry'!AL15 -> 0.41050991 | CK14: Video Views | CL14: ='Data Entry'!P15 -> 451232 | CM14: ='Data Entry'!AM15 -> -0.3131933 | CS14: Video Views | CT14: ='Data Entry'!Q15 -> 442789 | CU14: ='Data Entry'!AN15 -> -0.018710996
A17: TikTok | B17: Metric | C17: Amount | D17: Monthly Change | I17: TikTok | J17: Metric | K17: Amount | L17: Monthly Change | P17: TikTok | Q17: Metric | R17: Amount | S17: Monthly Change | X17: TikTok | Y17: Metric | Z17: Amount | AA17: Monthly Change | AF17: TikTok | AG17: Metric | AH17: Amount | AI17: Monthly Change | AN17: TikTok | AO17: Metric | AP17: Amount | AQ17: Monthly Change | AV17: TikTok | AW17: Metric | AX17: Amount | AY17: Monthly Change | BE17: TikTok | BF17: Metric | BG17: Amount | BH17: Monthly Change | BM17: TikTok | BN17: Metric | BO17: Amount | BP17: Monthly Change | BT17: TikTok | BU17: Metric | BV17: Amount | BW17: Monthly Change | CB17: TikTok | CC17: Metric | CD17: Amount | CE17: Monthly Change | CJ17: TikTok | CK17: Metric | CL17: Amount | CM17: Monthly Change | CR17: TikTok | CS17: Metric | CT17: Amount | CU17: Monthly Change
B18: Views | C18: ='Data Entry'!E16 -> 1000000 | D18: ='Data Entry'!AB16 -> 0.25 | J18: Views | K18: ='Data Entry'!F16 -> 1400000 | L18: ='Data Entry'!AC16 -> 0.4 | Q18: Views | R18: ='Data Entry'!G16 -> 454000 | S18: ='Data Entry'!AD16 -> -0.67571429 | Y18: Views | Z18: ='Data Entry'!H16 -> 237000 | AA18: ='Data Entry'!AE16 -> -0.47797357 | AG18: Views | AH18: ='Data Entry'!I16 -> 48000 | AI18: ='Data Entry'!AF16 -> -0.79746835 | AO18: Views | AP18: ='Data Entry'!J16 -> 241000 | AQ18: ='Data Entry'!AG16 -> 4.0208333 | AW18: Views | AX18: ='Data Entry'!K16 -> 486000 | AY18: ='Data Entry'!AH16 -> 1.0165975 | BF18: Views | BG18: ='Data Entry'!L16 -> 689000 | BH18: ='Data Entry'!AI16 -> 0.41769547 | BN18: Views | BO18: ='Data Entry'!M16 -> 700100 | BP18: ='Data Entry'!AJ16 -> 0.016110305 | BU18: Views | BV18: ='Data Entry'!N16 -> 771222 | BW18: ='Data Entry'!AK16 -> 0.10158834 | CC18: Views | CD18: ='Data Entry'!O16 -> 675688 | CE18: ='Data Entry'!AL16 -> -0.12387354 | CK18: Views | CL18: ='Data Entry'!P16 -> 564355 | CM18: ='Data Entry'!AM16 -> -0.16476983 | CS18: Views | CT18: ='Data Entry'!Q16 -> 546788 | CU18: ='Data Entry'!AN16 -> -0.03112757
B19: Profile Views | C19: ='Data Entry'!E17 -> 53000 | D19: ='Data Entry'!AB17 -> 0.032474237 | J19: Profile Views | K19: ='Data Entry'!F17 -> 76000 | L19: ='Data Entry'!AC17 -> 0.43396226 | Q19: Profile Views | R19: ='Data Entry'!G17 -> 9500 | S19: ='Data Entry'!AD17 -> -0.875 | Y19: Profile Views | Z19: ='Data Entry'!H17 -> 6600 | AA19: ='Data Entry'!AE17 -> -0.30526316 | AG19: Profile Views | AH19: ='Data Entry'!I17 -> 2129 | AI19: ='Data Entry'!AF17 -> -0.67742424 | AO19: Profile Views | AP19: ='Data Entry'!J17 -> 6200 | AQ19: ='Data Entry'!AG17 -> 1.9121653 | AW19: Profile Views | AX19: ='Data Entry'!K17 -> 7800 | AY19: ='Data Entry'!AH17 -> 0.25806452 | BF19: Profile Views | BG19: ='Data Entry'!L17 -> 14000 | BH19: ='Data Entry'!AI17 -> 0.79487179 | BN19: Profile Views | BO19: ='Data Entry'!M17 -> 6766 | BP19: ='Data Entry'!AJ17 -> -0.51671429 | BU19: Profile Views | BV19: ='Data Entry'!N17 -> 7890 | BW19: ='Data Entry'!AK17 -> 0.16612474 | CC19: Profile Views | CD19: ='Data Entry'!O17 -> 7689 | CE19: ='Data Entry'!AL17 -> -0.025475285 | CK19: Profile Views | CL19: ='Data Entry'!P17 -> 5467 | CM19: ='Data Entry'!AM17 -> -0.28898426 | CS19: Profile Views | CT19: ='Data Entry'!Q17 -> 6578 | CU19: ='Data Entry'!AN17 -> 0.20321932
B20: Likes | C20: ='Data Entry'!E18 -> 54000 | D20: ='Data Entry'!AB18 -> 41.620363 | J20: Likes | K20: ='Data Entry'!F18 -> 75000 | L20: ='Data Entry'!AC18 -> 0.38888889 | Q20: Likes | R20: ='Data Entry'!G18 -> 29000 | S20: ='Data Entry'!AD18 -> -0.61333333 | Y20: Likes | Z20: ='Data Entry'!H18 -> 19000 | AA20: ='Data Entry'!AE18 -> -0.34482759 | AG20: Likes | AH20: ='Data Entry'!I18 -> 2248 | AI20: ='Data Entry'!AF18 -> -0.88168421 | AO20: Likes | AP20: ='Data Entry'!J18 -> 20000 | AQ20: ='Data Entry'!AG18 -> 7.8967972 | AW20: Likes | AX20: ='Data Entry'!K18 -> 35000 | AY20: ='Data Entry'!AH18 -> 0.75 | BF20: Likes | BG20: ='Data Entry'!L18 -> 52000 | BH20: ='Data Entry'!AI18 -> 0.48571429 | BN20: Likes | BO20: ='Data Entry'!M18 -> 43555 | BP20: ='Data Entry'!AJ18 -> -0.16240385 | BU20: Likes | BV20: ='Data Entry'!N18 -> 54333 | BW20: ='Data Entry'!AK18 -> 0.24745724 | CC20: Likes | CD20: ='Data Entry'!O18 -> 34222 | CE20: ='Data Entry'!AL18 -> -0.37014338 | CK20: Likes | CL20: ='Data Entry'!P18 -> 23444 | CM20: ='Data Entry'!AM18 -> -0.3149436 | CS20: Likes | CT20: ='Data Entry'!Q18 -> 44566 | CU20: ='Data Entry'!AN18 -> 0.90095547
B21: Comments | C21: ='Data Entry'!E19 -> 1248 | D21: ='Data Entry'!AB19 -> 6.8987342 | J21: Comments | K21: ='Data Entry'!F19 -> 1400 | L21: ='Data Entry'!AC19 -> 0.12179487 | Q21: Comments | R21: ='Data Entry'!G19 -> 524 | S21: ='Data Entry'!AD19 -> -0.62571429 | Y21: Comments | Z21: ='Data Entry'!H19 -> 321 | AA21: ='Data Entry'!AE19 -> -0.38740458 | AG21: Comments | AH21: ='Data Entry'!I19 -> 65 | AI21: ='Data Entry'!AF19 -> -0.79750779 | AO21: Comments | AP21: ='Data Entry'!J19 -> 333 | AQ21: ='Data Entry'!AG19 -> 4.1230769 | AW21: Comments | AX21: ='Data Entry'!K19 -> 378 | AY21: ='Data Entry'!AH19 -> 0.13513514 | BF21: Comments | BG21: ='Data Entry'!L19 -> 784 | BH21: ='Data Entry'!AI19 -> 1.0740741 | BN21: Comments | BO21: ='Data Entry'!M19 -> 768 | BP21: ='Data Entry'!AJ19 -> -0.020408163 | BU21: Comments | BV21: ='Data Entry'!N19 -> 657 | BW21: ='Data Entry'!AK19 -> -0.14453125 | CC21: Comments | CD21: ='Data Entry'!O19 -> 678 | CE21: ='Data Entry'!AL19 -> 0.03196347 | CK21: Comments | CL21: ='Data Entry'!P19 -> 645 | CM21: ='Data Entry'!AM19 -> -0.048672566 | CS21: Comments | CT21: ='Data Entry'!Q19 -> 578 | CU21: ='Data Entry'!AN19 -> -0.10387597
B22: Shares | C22: ='Data Entry'!E20 -> 1819 | D22: ='Data Entry'!AB20 -> 49.527778 | J22: Shares | K22: ='Data Entry'!F20 -> 2000 | L22: ='Data Entry'!AC20 -> 0.099505223 | Q22: Shares | R22: ='Data Entry'!G20 -> 1400 | S22: ='Data Entry'!AD20 -> -0.3 | Y22: Shares | Z22: ='Data Entry'!H20 -> 992 | AA22: ='Data Entry'!AE20 -> -0.29142857 | AG22: Shares | AH22: ='Data Entry'!I20 -> 1312 | AI22: ='Data Entry'!AF20 -> 0.32258065 | AO22: Shares | AP22: ='Data Entry'!J20 -> 708 | AQ22: ='Data Entry'!AG20 -> -0.46036585 | AW22: Shares | AX22: ='Data Entry'!K20 -> 882 | AY22: ='Data Entry'!AH20 -> 0.24576271 | BF22: Shares | BG22: ='Data Entry'!L20 -> 2300 | BH22: ='Data Entry'!AI20 -> 1.6077098 | BN22: Shares | BO22: ='Data Entry'!M20 -> 996 | BP22: ='Data Entry'!AJ20 -> -0.56695652 | BU22: Shares | BV22: ='Data Entry'!N20 -> 557 | BW22: ='Data Entry'!AK20 -> -0.44076305 | CC22: Shares | CD22: ='Data Entry'!O20 -> 658 | CE22: ='Data Entry'!AL20 -> 0.18132855 | CK22: Shares | CL22: ='Data Entry'!P20 -> 678 | CM22: ='Data Entry'!AM20 -> 0.030395137 | CS22: Shares | CT22: ='Data Entry'!Q20 -> 654 | CU22: ='Data Entry'!AN20 -> -0.03539823
B23: New Viewers | C23: ='Data Entry'!E21 -> 43234 | D23: ='Data Entry'!AB21 -> -0.78910244 | J23: New Viewers | K23: ='Data Entry'!F21 -> 205000 | L23: ='Data Entry'!AC21 -> 3.7416385 | Q23: New Viewers | R23: ='Data Entry'!G21 -> 45000 | S23: ='Data Entry'!AD21 -> -0.7804878 | Y23: New Viewers | Z23: ='Data Entry'!H21 -> 30000 | AA23: ='Data Entry'!AE21 -> -0.33333333 | AG23: New Viewers | AH23: ='Data Entry'!I21 -> 1312 | AI23: ='Data Entry'!AF21 -> -0.95626667 | AO23: New Viewers | AP23: ='Data Entry'!J21 -> 42000 | AQ23: ='Data Entry'!AG21 -> 31.012195 | AW23: New Viewers | AX23: ='Data Entry'!K21 -> 184000 | AY23: ='Data Entry'!AH21 -> 3.3809524 | BF23: New Viewers | BG23: ='Data Entry'!L21 -> 124000 | BH23: ='Data Entry'!AI21 -> -0.32608696 | BN23: New Viewers | BO23: ='Data Entry'!M21 -> 88777 | BP23: ='Data Entry'!AJ21 -> -0.28405645 | BU23: New Viewers | BV23: ='Data Entry'!N21 -> 43565 | BW23: ='Data Entry'!AK21 -> -0.50927605 | CC23: New Viewers | CD23: ='Data Entry'!O21 -> 34333 | CE23: ='Data Entry'!AL21 -> -0.21191323 | CK23: New Viewers | CL23: ='Data Entry'!P21 -> 23454 | CM23: ='Data Entry'!AM21 -> -0.31686715 | CS23: New Viewers | CT23: ='Data Entry'!Q21 -> 45332 | CU23: ='Data Entry'!AN21 -> 0.93280464
A26: Instagram | B26: Metric | C26: Amount | D26: Monthly Change | I26: Instagram | J26: Metric | K26: Amount | L26: Monthly Change | P26: Instagram | Q26: Metric | R26: Amount | S26: Monthly Change | X26: Instagram | Y26: Metric | Z26: Amount | AA26: Monthly Change | AF26: Instagram | AG26: Metric | AH26: Amount | AI26: Monthly Change | AN26: Instagram | AO26: Metric | AP26: Amount | AQ26: Monthly Change | AV26: Instagram | AW26: Metric | AX26: Amount | AY26: Monthly Change | BE26: Instagram | BF26: Metric | BG26: Amount | BH26: Monthly Change | BM26: Instagram | BN26: Metric | BO26: Amount | BP26: Monthly Change | BT26: Instagram | BU26: Metric | BV26: Amount | BW26: Monthly Change | CB26: Instagram | CC26: Metric | CD26: Amount | CE26: Monthly Change | CJ26: Instagram | CK26: Metric | CL26: Amount | CM26: Monthly Change | CR26: Instagram | CS26: Metric | CT26: Amount | CU26: Monthly Change
B27: Reel and Post Views | C27: ='Data Entry'!E22 -> 4600000 | D27: ='Data Entry'!AB22 -> 3.1818182 | J27: Reel and Post Views | K27: ='Data Entry'!F22 -> 8100000 | L27: ='Data Entry'!AC22 -> 0.76086957 | Q27: Reel and Post Views | R27: ='Data Entry'!G22 -> 8600000 | S27: ='Data Entry'!AD22 -> 0.061728395 | Y27: Reel and Post Views | Z27: ='Data Entry'!H22 -> 5820329 | AA27: ='Data Entry'!AE22 -> -0.32321756 | AG27: Reel and Post Views | AH27: ='Data Entry'!I22 -> 2300000 | AI27: ='Data Entry'!AF22 -> -0.60483334 | AO27: Reel and Post Views | AP27: ='Data Entry'!J22 -> 3100000 | AQ27: ='Data Entry'!AG22 -> 0.34782609 | AW27: Reel and Post Views | AX27: ='Data Entry'!K22 -> 4100000 | AY27: ='Data Entry'!AH22 -> 0.32258065 | BF27: Reel and Post Views | BG27: ='Data Entry'!L22 -> 8400000 | BH27: ='Data Entry'!AI22 -> 1.0487805 | BN27: Reel and Post Views | BO27: ='Data Entry'!M22 -> 7800657 | BP27: ='Data Entry'!AJ22 -> -0.071350357 | BU27: Reel and Post Views | BV27: ='Data Entry'!N22 -> 5675554 | BW27: ='Data Entry'!AK22 -> -0.27242616 | CC27: Reel and Post Views | CD27: ='Data Entry'!O22 -> 4321324 | CE27: ='Data Entry'!AL22 -> -0.23860754 | CK27: Reel and Post Views | CL27: ='Data Entry'!P22 -> 6541123 | CM27: ='Data Entry'!AM22 -> 0.51368493 | CS27: Reel and Post Views | CT27: ='Data Entry'!Q22 -> 5987000 | CU27: ='Data Entry'!AN22 -> -0.084713741
B28: Interactions | C28: ='Data Entry'!E23 -> 116000 | D28: ='Data Entry'!AB23 -> 1.6976744 | J28: Interactions | K28: ='Data Entry'!F23 -> 169948 | L28: ='Data Entry'!AC23 -> 0.46506897 | Q28: Interactions | R28: ='Data Entry'!G23 -> 208554 | S28: ='Data Entry'!AD23 -> 0.2271636 | Y28: Interactions | Z28: ='Data Entry'!H23 -> 119170 | AA28: ='Data Entry'!AE23 -> -0.42858924 | AG28: Interactions | AH28: ='Data Entry'!I23 -> 30300 | AI28: ='Data Entry'!AF23 -> -0.74574138 | AO28: Interactions | AP28: ='Data Entry'!J23 -> 62500 | AQ28: ='Data Entry'!AG23 -> 1.0627063 | AW28: Interactions | AX28: ='Data Entry'!K23 -> 82500 | AY28: ='Data Entry'!AH23 -> 0.32 | BF28: Interactions | BG28: ='Data Entry'!L23 -> 195900 | BH28: ='Data Entry'!AI23 -> 1.3745455 | BN28: Interactions | BO28: ='Data Entry'!M23 -> 77867 | BP28: ='Data Entry'!AJ23 -> -0.60251659 | BU28: Interactions | BV28: ='Data Entry'!N23 -> 66576 | BW28: ='Data Entry'!AK23 -> -0.14500366 | CC28: Interactions | CD28: ='Data Entry'!O23 -> 66578 | CE28: ='Data Entry'!AL23 -> 3.0040856e-05 | CK28: Interactions | CL28: ='Data Entry'!P23 -> 65788 | CM28: ='Data Entry'!AM23 -> -0.011865781 | CS28: Interactions | CT28: ='Data Entry'!Q23 -> 43566 | CU28: ='Data Entry'!AN23 -> -0.33778197
B29: New Followers | C29: ='Data Entry'!E24 -> 1700 | D29: ='Data Entry'!AB24 -> 0.7017017 | J29: New Followers | K29: ='Data Entry'!F24 -> 1944 | L29: ='Data Entry'!AC24 -> 0.14352941 | Q29: New Followers | R29: ='Data Entry'!G24 -> 2305 | S29: ='Data Entry'!AD24 -> 0.18569959 | Y29: New Followers | Z29: ='Data Entry'!H24 -> 1518 | AA29: ='Data Entry'!AE24 -> -0.34143167 | AG29: New Followers | AH29: ='Data Entry'!I24 -> 1043 | AI29: ='Data Entry'!AF24 -> -0.31291173 | AO29: New Followers | AP29: ='Data Entry'!J24 -> 1271 | AQ29: ='Data Entry'!AG24 -> 0.21860019 | AW29: New Followers | AX29: ='Data Entry'!K24 -> 1400 | AY29: ='Data Entry'!AH24 -> 0.10149489 | BF29: New Followers | BG29: ='Data Entry'!L24 -> 2100 | BH29: ='Data Entry'!AI24 -> 0.5 | BN29: New Followers | BO29: ='Data Entry'!M24 -> 2122 | BP29: ='Data Entry'!AJ24 -> 0.01047619 | BU29: New Followers | BV29: ='Data Entry'!N24 -> 1234 | BW29: ='Data Entry'!AK24 -> -0.41847314 | CC29: New Followers | CD29: ='Data Entry'!O24 -> 1222 | CE29: ='Data Entry'!AL24 -> -0.0097244733 | CK29: New Followers | CL29: ='Data Entry'!P24 -> 987 | CM29: ='Data Entry'!AM24 -> -0.19230769 | CS29: New Followers | CT29: ='Data Entry'!Q24 -> 1909 | CU29: ='Data Entry'!AN24 -> 0.93414387
B30: Profile Visits | C30: ='Data Entry'!E25 -> 55645 | D30: ='Data Entry'!AB25 -> -0.16644197 | J30: Profile Visits | K30: ='Data Entry'!F25 -> 99437 | L30: ='Data Entry'!AC25 -> 0.78698895 | Q30: Profile Visits | R30: ='Data Entry'!G25 -> 109549 | S30: ='Data Entry'!AD25 -> 0.10169253 | Y30: Profile Visits | Z30: ='Data Entry'!H25 -> 66193 | AA30: ='Data Entry'!AE25 -> -0.3957681 | AG30: Profile Visits | AH30: ='Data Entry'!I25 -> 41727 | AI30: ='Data Entry'!AF25 -> -0.36961612 | AO30: Profile Visits | AP30: ='Data Entry'!J25 -> 38035 | AQ30: ='Data Entry'!AG25 -> -0.088479881 | AW30: Profile Visits | AX30: ='Data Entry'!K25 -> 41512 | AY30: ='Data Entry'!AH25 -> 0.091415801 | BF30: Profile Visits | BG30: ='Data Entry'!L25 -> 111661 | BH30: ='Data Entry'!AI25 -> 1.6898487 | BN30: Profile Visits | BO30: ='Data Entry'!M25 -> 100989 | BP30: ='Data Entry'!AJ25 -> -0.095574999 | BU30: Profile Visits | BV30: ='Data Entry'!N25 -> 66543 | BW30: ='Data Entry'!AK25 -> -0.34108665 | CC30: Profile Visits | CD30: ='Data Entry'!O25 -> 87890 | CE30: ='Data Entry'!AL25 -> 0.32080008 | CK30: Profile Visits | CL30: ='Data Entry'!P25 -> 57666 | CM30: ='Data Entry'!AM25 -> -0.3438844 | CS30: Profile Visits | CT30: ='Data Entry'!Q25 -> 54675 | CU30: ='Data Entry'!AN25 -> -0.051867652
A33: Threads | B33: Metric | C33: Amount | D33: Monthly Change | I33: Threads | J33: Metric | K33: Amount | L33: Monthly Change | P33: Threads | Q33: Metric | R33: Amount | S33: Monthly Change | X33: Threads | Y33: Metric | Z33: Amount | AA33: Monthly Change | AF33: Threads | AG33: Metric | AH33: Amount | AI33: Monthly Change | AN33: Threads | AO33: Metric | AP33: Amount | AQ33: Monthly Change | AV33: Threads | AW33: Metric | AX33: Amount | AY33: Monthly Change | BE33: Threads | BF33: Metric | BG33: Amount | BH33: Monthly Change | BM33: Threads | BN33: Metric | BO33: Amount | BP33: Monthly Change | BT33: Threads | BU33: Metric | BV33: Amount | BW33: Monthly Change | CB33: Threads | CC33: Metric | CD33: Amount | CE33: Monthly Change | CJ33: Threads | CK33: Metric | CL33: Amount | CM33: Monthly Change | CR33: Threads | CS33: Metric | CT33: Amount | CU33: Monthly Change
B34: Views | C34: ='Data Entry'!E26 -> 32400 | D34: ='Data Entry'!AB26 -> 0.84090909 | J34: Views | K34: ='Data Entry'!F26 -> 17000 | L34: ='Data Entry'!AC26 -> -0.47530864 | Q34: Views | R34: ='Data Entry'!G26 -> 22400 | S34: ='Data Entry'!AD26 -> 0.31764706 | Y34: Views | Z34: ='Data Entry'!H26 -> 15600 | AA34: ='Data Entry'!AE26 -> -0.30357143 | AG34: Views | AH34: ='Data Entry'!I26 -> 5199 | AI34: ='Data Entry'!AF26 -> -0.66673077 | AO34: Views | AP34: ='Data Entry'!J26 -> 4745 | AQ34: ='Data Entry'!AG26 -> -0.087324485 | AW34: Views | AX34: ='Data Entry'!K26 -> 5639 | AY34: ='Data Entry'!AH26 -> 0.18840885 | BF34: Views | BG34: ='Data Entry'!L26 -> 16500 | BH34: ='Data Entry'!AI26 -> 1.9260507 | BN34: Views | BO34: ='Data Entry'!M26 -> 4354 | BP34: ='Data Entry'!AJ26 -> -0.73612121 | BU34: Views | BV34: ='Data Entry'!N26 -> 3243 | BW34: ='Data Entry'!AK26 -> -0.25516766 | CC34: Views | CD34: ='Data Entry'!O26 -> 3453 | CE34: ='Data Entry'!AL26 -> 0.064754857 | CK34: Views | CL34: ='Data Entry'!P26 -> 5555 | CM34: ='Data Entry'!AM26 -> 0.60874602 | CS34: Views | CT34: ='Data Entry'!Q26 -> 4365 | CU34: ='Data Entry'!AN26 -> -0.21422142
B35: Interactions | C35: ='Data Entry'!E27 -> 348 | D35: ='Data Entry'!AB27 -> 1.5035971 | J35: Interactions | K35: ='Data Entry'!F27 -> 611 | L35: ='Data Entry'!AC27 -> 0.75574713 | Q35: Interactions | R35: ='Data Entry'!G27 -> 928 | S35: ='Data Entry'!AD27 -> 0.5188216 | Y35: Interactions | Z35: ='Data Entry'!H27 -> 660 | AA35: ='Data Entry'!AE27 -> -0.2887931 | AG35: Interactions | AH35: ='Data Entry'!I27 -> 236 | AI35: ='Data Entry'!AF27 -> -0.64242424 | AO35: Interactions | AP35: ='Data Entry'!J27 -> 329 | AQ35: ='Data Entry'!AG27 -> 0.3940678 | AW35: Interactions | AX35: ='Data Entry'!K27 -> 388 | AY35: ='Data Entry'!AH27 -> 0.17933131 | BF35: Interactions | BG35: ='Data Entry'!L27 -> 623 | BH35: ='Data Entry'!AI27 -> 0.6056701 | BN35: Interactions | BO35: ='Data Entry'!M27 -> 343 | BP35: ='Data Entry'!AJ27 -> -0.4494382 | BU35: Interactions | BV35: ='Data Entry'!N27 -> 454 | BW35: ='Data Entry'!AK27 -> 0.32361516 | CC35: Interactions | CD35: ='Data Entry'!O27 -> 576 | CE35: ='Data Entry'!AL27 -> 0.26872247 | CK35: Interactions | CL35: ='Data Entry'!P27 -> 538 | CM35: ='Data Entry'!AM27 -> -0.065972222 | CS35: Interactions | CT35: ='Data Entry'!Q27 -> 527 | CU35: ='Data Entry'!AN27 -> -0.020446097
A38: Facebook | B38: Metric | C38: Amount | D38: Monthly Change | I38: Facebook | J38: Metric | K38: Amount | L38: Monthly Change | P38: Facebook | Q38: Metric | R38: Amount | S38: Monthly Change | X38: Facebook | Y38: Metric | Z38: Amount | AA38: Monthly Change | AF38: Facebook | AG38: Metric | AH38: Amount | AI38: Monthly Change | AN38: Facebook | AO38: Metric | AP38: Amount | AQ38: Monthly Change | AV38: Facebook | AW38: Metric | AX38: Amount | AY38: Monthly Change | BE38: Facebook | BF38: Metric | BG38: Amount | BH38: Monthly Change | BM38: Facebook | BN38: Metric | BO38: Amount | BP38: Monthly Change | BT38: Facebook | BU38: Metric | BV38: Amount | BW38: Monthly Change | CB38: Facebook | CC38: Metric | CD38: Amount | CE38: Monthly Change | CJ38: Facebook | CK38: Metric | CL38: Amount | CM38: Monthly Change | CR38: Facebook | CS38: Metric | CT38: Amount | CU38: Monthly Change
B39: Views | C39: ='Data Entry'!E28 -> 2700000 | D39: ='Data Entry'!AB28 -> 1.5233645 | J39: Views | K39: ='Data Entry'!F28 -> 4400000 | L39: ='Data Entry'!AC28 -> 0.62962963 | Q39: Views | R39: ='Data Entry'!G28 -> 4300000 | S39: ='Data Entry'!AD28 -> -0.022727273 | Y39: Views | Z39: ='Data Entry'!H28 -> 5000000 | AA39: ='Data Entry'!AE28 -> 0.1627907 | AG39: Views | AH39: ='Data Entry'!I28 -> 3200000 | AI39: ='Data Entry'!AF28 -> -0.36 | AO39: Views | AP39: ='Data Entry'!J28 -> 3600000 | AQ39: ='Data Entry'!AG28 -> 0.125 | AW39: Views | AX39: ='Data Entry'!K28 -> 3500000 | AY39: ='Data Entry'!AH28 -> -0.027777778 | BF39: Views | BG39: ='Data Entry'!L28 -> 6700000 | BH39: ='Data Entry'!AI28 -> 0.91428571 | BN39: Views | BO39: ='Data Entry'!M28 -> 6545768 | BP39: ='Data Entry'!AJ28 -> -0.023019701 | BU39: Views | BV39: ='Data Entry'!N28 -> 5454677 | BW39: ='Data Entry'!AK28 -> -0.16668648 | CC39: Views | CD39: ='Data Entry'!O28 -> 3232111 | CE39: ='Data Entry'!AL28 -> -0.40746061 | CK39: Views | CL39: ='Data Entry'!P28 -> 6500000 | CM39: ='Data Entry'!AM28 -> 1.0110695 | CS39: Views | CT39: ='Data Entry'!Q28 -> 5444333 | CU39: ='Data Entry'!AN28 -> -0.16241031
B40: Reach | C40: ='Data Entry'!E29 -> 286700 | D40: ='Data Entry'!AB29 -> 0.057153392 | J40: Reach | K40: ='Data Entry'!F29 -> 396200 | L40: ='Data Entry'!AC29 -> 0.38193233 | Q40: Reach | R40: ='Data Entry'!G29 -> 341100 | S40: ='Data Entry'!AD29 -> -0.13907118 | Y40: Reach | Z40: ='Data Entry'!H29 -> 430000 | AA40: ='Data Entry'!AE29 -> 0.26062738 | AG40: Reach | AH40: ='Data Entry'!I29 -> 257100 | AI40: ='Data Entry'!AF29 -> -0.40209302 | AO40: Reach | AP40: ='Data Entry'!J29 -> 464400 | AQ40: ='Data Entry'!AG29 -> 0.80630105 | AW40: Reach | AX40: ='Data Entry'!K29 -> 382132 | AY40: ='Data Entry'!AH29 -> -0.17714901 | BF40: Reach | BG40: ='Data Entry'!L29 -> 590262 | BH40: ='Data Entry'!AI29 -> 0.54465473 | BN40: Reach | BO40: ='Data Entry'!M29 -> 324356 | BP40: ='Data Entry'!AJ29 -> -0.45048809 | BU40: Reach | BV40: ='Data Entry'!N29 -> 657444 | BW40: ='Data Entry'!AK29 -> 1.026921 | CC40: Reach | CD40: ='Data Entry'!O29 -> 456444 | CE40: ='Data Entry'!AL29 -> -0.30572946 | CK40: Reach | CL40: ='Data Entry'!P29 -> 756444 | CM40: ='Data Entry'!AM29 -> 0.65725478 | CS40: Reach | CT40: ='Data Entry'!Q29 -> 546555 | CU40: ='Data Entry'!AN29 -> -0.27746799
B41: Contect interactions | C41: ='Data Entry'!E30 -> 27400 | D41: ='Data Entry'!AB30 -> 0.90277778 | J41: Contect interactions | K41: ='Data Entry'!F30 -> 48600 | L41: ='Data Entry'!AC30 -> 0.77372263 | Q41: Contect interactions | R41: ='Data Entry'!G30 -> 58500 | S41: ='Data Entry'!AD30 -> 0.2037037 | Y41: Contect interactions | Z41: ='Data Entry'!H30 -> 500000 | AA41: ='Data Entry'!AE30 -> 7.5470085 | AG41: Contect interactions | AH41: ='Data Entry'!I30 -> 20900 | AI41: ='Data Entry'!AF30 -> -0.9582 | AO41: Contect interactions | AP41: ='Data Entry'!J30 -> 34000 | AQ41: ='Data Entry'!AG30 -> 0.62679426 | AW41: Contect interactions | AX41: ='Data Entry'!K30 -> 34800 | AY41: ='Data Entry'!AH30 -> 0.023529412 | BF41: Contect interactions | BG41: ='Data Entry'!L30 -> 56100 | BH41: ='Data Entry'!AI30 -> 0.61206897 | BN41: Contect interactions | BO41: ='Data Entry'!M30 -> 44323 | BP41: ='Data Entry'!AJ30 -> -0.2099287 | BU41: Contect interactions | BV41: ='Data Entry'!N30 -> 42345 | BW41: ='Data Entry'!AK30 -> -0.044626943 | CC41: Contect interactions | CD41: ='Data Entry'!O30 -> 53423 | CE41: ='Data Entry'!AL30 -> 0.26161294 | CK41: Contect interactions | CL41: ='Data Entry'!P30 -> 61234 | CM41: ='Data Entry'!AM30 -> 0.14621043 | CS41: Contect interactions | CT41: ='Data Entry'!Q30 -> 49876 | CU41: ='Data Entry'!AN30 -> -0.18548519
B42: Follows | C42: ='Data Entry'!E31 -> 530 | D42: ='Data Entry'!AB31 -> -0.32569975 | J42: Follows | K42: ='Data Entry'!F31 -> 934 | L42: ='Data Entry'!AC31 -> 0.76226415 | Q42: Follows | R42: ='Data Entry'!G31 -> 1100 | S42: ='Data Entry'!AD31 -> 0.17773019 | Y42: Follows | Z42: ='Data Entry'!H31 -> 957 | AA42: ='Data Entry'!AE31 -> -0.13 | AG42: Follows | AH42: ='Data Entry'!I31 -> 604 | AI42: ='Data Entry'!AF31 -> -0.36886102 | AO42: Follows | AP42: ='Data Entry'!J31 -> 699 | AQ42: ='Data Entry'!AG31 -> 0.15728477 | AW42: Follows | AX42: ='Data Entry'!K31 -> 750 | AY42: ='Data Entry'!AH31 -> 0.072961373 | BF42: Follows | BG42: ='Data Entry'!L31 -> 1100 | BH42: ='Data Entry'!AI31 -> 0.46666667 | BN42: Follows | BO42: ='Data Entry'!M31 -> 967 | BP42: ='Data Entry'!AJ31 -> -0.12090909 | BU42: Follows | BV42: ='Data Entry'!N31 -> 867 | BW42: ='Data Entry'!AK31 -> -0.10341262 | CC42: Follows | CD42: ='Data Entry'!O31 -> 768 | CE42: ='Data Entry'!AL31 -> -0.11418685 | CK42: Follows | CL42: ='Data Entry'!P31 -> 897 | CM42: ='Data Entry'!AM31 -> 0.16796875 | CS42: Follows | CT42: ='Data Entry'!Q31 -> 900 | CU42: ='Data Entry'!AN31 -> 0.0033444816
A45: LinkedIn | B45: Metric | C45: Amount | D45: Monthly Change | I45: LinkedIn | J45: Metric | K45: Amount | L45: Monthly Change | P45: LinkedIn | Q45: Metric | R45: Amount | S45: Monthly Change | X45: LinkedIn | Y45: Metric | Z45: Amount | AA45: Monthly Change | AF45: LinkedIn | AG45: Metric | AH45: Amount | AI45: Monthly Change | AN45: LinkedIn | AO45: Metric | AP45: Amount | AQ45: Monthly Change | AV45: LinkedIn | AW45: Metric | AX45: Amount | AY45: Monthly Change | BE45: LinkedIn | BF45: Metric | BG45: Amount | BH45: Monthly Change | BM45: LinkedIn | BN45: Metric | BO45: Amount | BP45: Monthly Change | BT45: LinkedIn | BU45: Metric | BV45: Amount | BW45: Monthly Change | CB45: LinkedIn | CC45: Metric | CD45: Amount | CE45: Monthly Change | CJ45: LinkedIn | CK45: Metric | CL45: Amount | CM45: Monthly Change | CR45: LinkedIn | CS45: Metric | CT45: Amount | CU45: Monthly Change
B46: Impressions | C46: ='Data Entry'!E32 -> 54675 | D46: ='Data Entry'!AB32 -> -0.17875811 | J46: Impressions | K46: ='Data Entry'!F32 -> 70894 | L46: ='Data Entry'!AC32 -> 0.2966438 | Q46: Impressions | R46: ='Data Entry'!G32 -> 67467 | S46: ='Data Entry'!AD32 -> -0.048339775 | Y46: Impressions | Z46: ='Data Entry'!H32 -> 97665 | AA46: ='Data Entry'!AE32 -> 0.4475966 | AG46: Impressions | AH46: ='Data Entry'!I32 -> 84835 | AI46: ='Data Entry'!AF32 -> -0.13136743 | AO46: Impressions | AP46: ='Data Entry'!J32 -> 67792 | AQ46: ='Data Entry'!AG32 -> -0.20089586 | AW46: Impressions | AX46: ='Data Entry'!K32 -> 39322 | AY46: ='Data Entry'!AH32 -> -0.41996106 | BF46: Impressions | BG46: ='Data Entry'!L32 -> 72381 | BH46: ='Data Entry'!AI32 -> 0.84072529 | BN46: Impressions | BO46: ='Data Entry'!M32 -> 55645 | BP46: ='Data Entry'!AJ32 -> -0.2312209 | BU46: Impressions | BV46: ='Data Entry'!N32 -> 49867 | BW46: ='Data Entry'!AK32 -> -0.10383682 | CC46: Impressions | CD46: ='Data Entry'!O32 -> 63545 | CE46: ='Data Entry'!AL32 -> 0.27428961 | CK46: Impressions | CL46: ='Data Entry'!P32 -> 55768 | CM46: ='Data Entry'!AM32 -> -0.12238571 | CS46: Impressions | CT46: ='Data Entry'!Q32 -> 57634 | CU46: ='Data Entry'!AN32 -> 0.033460049
B47: Reactions | C47: ='Data Entry'!E33 -> 1111 | D47: ='Data Entry'!AB33 -> 0.12335693 | J47: Reactions | K47: ='Data Entry'!F33 -> 1761 | L47: ='Data Entry'!AC33 -> 0.58505851 | Q47: Reactions | R47: ='Data Entry'!G33 -> 1565 | S47: ='Data Entry'!AD33 -> -0.1113004 | Y47: Reactions | Z47: ='Data Entry'!H33 -> 2147 | AA47: ='Data Entry'!AE33 -> 0.37188498 | AG47: Reactions | AH47: ='Data Entry'!I33 -> 1115 | AI47: ='Data Entry'!AF33 -> -0.4806707 | AO47: Reactions | AP47: ='Data Entry'!J33 -> 1211 | AQ47: ='Data Entry'!AG33 -> 0.086098655 | AW47: Reactions | AX47: ='Data Entry'!K33 -> 602 | AY47: ='Data Entry'!AH33 -> -0.50289017 | BF47: Reactions | BG47: ='Data Entry'!L33 -> 1340 | BH47: ='Data Entry'!AI33 -> 1.2259136 | BN47: Reactions | BO47: ='Data Entry'!M33 -> 4354 | BP47: ='Data Entry'!AJ33 -> 2.2492537 | BU47: Reactions | BV47: ='Data Entry'!N33 -> 2321 | BW47: ='Data Entry'!AK33 -> -0.46692696 | CC47: Reactions | CD47: ='Data Entry'!O33 -> 1987 | CE47: ='Data Entry'!AL33 -> -0.14390349 | CK47: Reactions | CL47: ='Data Entry'!P33 -> 1232 | CM47: ='Data Entry'!AM33 -> -0.3799698 | CS47: Reactions | CT47: ='Data Entry'!Q33 -> 890 | CU47: ='Data Entry'!AN33 -> -0.2775974
B48: Comments | C48: ='Data Entry'!E34 -> 23 | D48: ='Data Entry'!AB34 -> -0.46511628 | J48: Comments | K48: ='Data Entry'!F34 -> 35 | L48: ='Data Entry'!AC34 -> 0.52173913 | Q48: Comments | R48: ='Data Entry'!G34 -> 42 | S48: ='Data Entry'!AD34 -> 0.2 | Y48: Comments | Z48: ='Data Entry'!H34 -> 37 | AA48: ='Data Entry'!AE34 -> -0.11904762 | AG48: Comments | AH48: ='Data Entry'!I34 -> 82 | AI48: ='Data Entry'!AF34 -> 1.2162162 | AO48: Comments | AP48: ='Data Entry'!J34 -> 56 | AQ48: ='Data Entry'!AG34 -> -0.31707317 | AW48: Comments | AX48: ='Data Entry'!K34 -> 73 | AY48: ='Data Entry'!AH34 -> 0.30357143 | BF48: Comments | BG48: ='Data Entry'!L34 -> 66 | BH48: ='Data Entry'!AI34 -> -0.095890411 | BN48: Comments | BO48: ='Data Entry'!M34 -> 32 | BP48: ='Data Entry'!AJ34 -> -0.51515152 | BU48: Comments | BV48: ='Data Entry'!N34 -> 45 | BW48: ='Data Entry'!AK34 -> 0.40625 | CC48: Comments | CD48: ='Data Entry'!O34 -> 64 | CE48: ='Data Entry'!AL34 -> 0.42222222 | CK48: Comments | CL48: ='Data Entry'!P34 -> 48 | CM48: ='Data Entry'!AM34 -> -0.25 | CS48: Comments | CT48: ='Data Entry'!Q34 -> 52 | CU48: ='Data Entry'!AN34 -> 0.083333333
AF68: $

Sheet Dynamic Graphs
A1: Metric | B1: THREADS - Interactions
A3: Row Labels | B3: Sum of Value
A4: May-26 | B4: 139
A5: Jun-26 | B5: 348
A6: Jul-26 | B6: 611
A7: Aug-26 | B7: 928
A8: Sep-26 | B8: 660
A9: Oct-26 | B9: 236
A10: Nov-26 | B10: 329
A11: Dec-26 | B11: 388
A12: Jan-27 | B12: 623
A13: Feb-27 | B13: 343
A14: Mar-27 | B14: 454
A15: Apr-27 | B15: 576
... A18: Grand Total | B18: 6700
A22: Metric | B22: Month | C22: Value
A23: X - Followers | B23: May-26 | C23: 232000
A24: X - Followers | B24: Jun-26 | C24: 233000
A25: X - Followers | B25: Jul-26 | C25: 233423
A26: X - Followers | B26: Aug-26 | C26: 236781
A27: X - Followers | B27: Sep-26 | C27: 240543
A28: X - Followers | B28: Oct-26 | C28: 238000
A29: X - Followers | B29: Nov-26 | C29: 241300
A30: X - Followers | B30: Dec-26 | C30: 242000
A31: X - Followers | B31: Jan-27 | C31: 242222
A32: X - Followers | B32: Feb-27 | C32: 245654
A33: X - Followers | B33: Mar-27 | C33: 246578
A34: X - Followers | B34: Apr-27 | C34: 247600
... A442: LINKEDIN - Comments | B442: Jun-27 | C442: 34

Sheet Womens Data
A1: WOMENS | G1: NOTE: LEAVE cells that haven't got a value e.g., next months as 0, NOT BLANK - this is to avoid errors and also create better charts
X2: Percentage difference tables
A3: Raw Data Table
C4: Metric | D4: May-26 | E4: Jun-26 | F4: Jul-26 | G4: Aug-26 | H4: Sep-26 | I4: Oct-26 | J4: Nov-26 | K4: Dec-26 | L4: Jan-27 | M4: Feb-27 | N4: Mar-27 | O4: Apr-27 | P4: May-27 | Q4: Jun-27 | Z4: Metric | AA4: May-26 | AB4: Jun-26 | AC4: Jul-26 | AD4: Aug-26 | AE4: Sep-26 | AF4: Oct-26 | AG4: Nov-26 | AH4: Dec-26 | AI4: Jan-27 | AJ4: Feb-27 | AK4: Mar-27 | AL4: Apr-27 | AM4: May-27 | AN4: Jun-27
C5: X - Followers | D5: 3 | E5: 4 | F5: 12 | G5: 5 | H5: 7 | I5: 2 | J5: 5 | K5: 3 | L5: 6 | M5: 7 | N5: 8 | O5: 9 | P5: 8 | Q5: 4 | Z5: X - Followers | AB5: =(WomData[[#This Row],[Jun-26]]-WomData[[#This Row],[May-26]])/WomData[[#This Row],[May-26]] -> 0.33333333 | AC5: =(WomData[[#This Row],[Jul-26]]-WomData[[#This Row],[Jun-26]])/WomData[[#This Row],[Jun-26]] -> 2 | AD5: =(WomData[[#This Row],[Aug-26]]-WomData[[#This Row],[Jul-26]])/WomData[[#This Row],[Jul-26]] -> -0.58333333 | AE5: =(WomData[[#This Row],[Sep-26]]-WomData[[#This Row],[Aug-26]])/WomData[[#This Row],[Aug-26]] -> 0.4 | AF5: =(WomData[[#This Row],[Oct-26]]-WomData[[#This Row],[Sep-26]])/WomData[[#This Row],[Sep-26]] -> -0.71428571 | AG5: =(WomData[[#This Row],[Nov-26]]-WomData[[#This Row],[Oct-26]])/WomData[[#This Row],[Oct-26]] -> 1.5 | AH5: =(WomData[[#This Row],[Dec-26]]-WomData[[#This Row],[Nov-26]])/WomData[[#This Row],[Nov-26]] -> -0.4 | AI5: =(WomData[[#This Row],[Jan-27]]-WomData[[#This Row],[Dec-26]])/WomData[[#This Row],[Dec-26]] -> 1 | AJ5: =(WomData[[#This Row],[Feb-27]]-WomData[[#This Row],[Jan-27]])/WomData[[#This Row],[Jan-27]] -> 0.16666667 | AK5: =(WomData[[#This Row],[Mar-27]]-WomData[[#This Row],[Feb-27]])/WomData[[#This Row],[Feb-27]] -> 0.14285714 | AL5: =(WomData[[#This Row],[Apr-27]]-WomData[[#This Row],[Mar-27]])/WomData[[#This Row],[Mar-27]] -> 0.125 | AM5: =(WomData[[#This Row],[May-27]]-WomData[[#This Row],[Apr-27]])/WomData[[#This Row],[Apr-27]] -> -0.11111111 | AN5: =(WomData[[#This Row],[Jun-27]]-WomData[[#This Row],[May-27]])/WomData[[#This Row],[May-27]] -> -0.5
C6: X - Impressions | D6: 3 | E6: 4 | F6: 12 | G6: 5 | H6: 7 | I6: 2 | J6: 5 | K6: 3 | L6: 6 | M6: 7 | N6: 8 | O6: 9 | P6: 8 | Q6: 4 | Z6: X - Impressions | AB6: =(WomData[[#This Row],[Jun-26]]-WomData[[#This Row],[May-26]])/WomData[[#This Row],[May-26]] -> 0.33333333 | AC6: =(WomData[[#This Row],[Jul-26]]-WomData[[#This Row],[Jun-26]])/WomData[[#This Row],[Jun-26]] -> 2 | AD6: =(WomData[[#This Row],[Aug-26]]-WomData[[#This Row],[Jul-26]])/WomData[[#This Row],[Jul-26]] -> -0.58333333 | AE6: =(WomData[[#This Row],[Sep-26]]-WomData[[#This Row],[Aug-26]])/WomData[[#This Row],[Aug-26]] -> 0.4 | AF6: =(WomData[[#This Row],[Oct-26]]-WomData[[#This Row],[Sep-26]])/WomData[[#This Row],[Sep-26]] -> -0.71428571 | AG6: =(WomData[[#This Row],[Nov-26]]-WomData[[#This Row],[Oct-26]])/WomData[[#This Row],[Oct-26]] -> 1.5 | AH6: =(WomData[[#This Row],[Dec-26]]-WomData[[#This Row],[Nov-26]])/WomData[[#This Row],[Nov-26]] -> -0.4 | AI6: =(WomData[[#This Row],[Jan-27]]-WomData[[#This Row],[Dec-26]])/WomData[[#This Row],[Dec-26]] -> 1 | AJ6: =(WomData[[#This Row],[Feb-27]]-WomData[[#This Row],[Jan-27]])/WomData[[#This Row],[Jan-27]] -> 0.16666667 | AK6: =(WomData[[#This Row],[Mar-27]]-WomData[[#This Row],[Feb-27]])/WomData[[#This Row],[Feb-27]] -> 0.14285714 | AL6: =(WomData[[#This Row],[Apr-27]]-WomData[[#This Row],[Mar-27]])/WomData[[#This Row],[Mar-27]] -> 0.125 | AM6: =(WomData[[#This Row],[May-27]]-WomData[[#This Row],[Apr-27]])/WomData[[#This Row],[Apr-27]] -> -0.11111111 | AN6: =(WomData[[#This Row],[Jun-27]]-WomData[[#This Row],[May-27]])/WomData[[#This Row],[May-27]] -> -0.5
C7: X - Engagement rate | D7: 3 | E7: 4 | F7: 12 | G7: 5 | H7: 7 | I7: 2 | J7: 5 | K7: 3 | L7: 6 | M7: 7 | N7: 8 | O7: 9 | P7: 8 | Q7: 4 | Z7: X - Engagement rate | AB7: =(WomData[[#This Row],[Jun-26]]-WomData[[#This Row],[May-26]])/WomData[[#This Row],[May-26]] -> 0.33333333 | AC7: =(WomData[[#This Row],[Jul-26]]-WomData[[#This Row],[Jun-26]])/WomData[[#This Row],[Jun-26]] -> 2 | AD7: =(WomData[[#This Row],[Aug-26]]-WomData[[#This Row],[Jul-26]])/WomData[[#This Row],[Jul-26]] -> -0.58333333 | AE7: =(WomData[[#This Row],[Sep-26]]-WomData[[#This Row],[Aug-26]])/WomData[[#This Row],[Aug-26]] -> 0.4 | AF7: =(WomData[[#This Row],[Oct-26]]-WomData[[#This Row],[Sep-26]])/WomData[[#This Row],[Sep-26]] -> -0.71428571 | AG7: =(WomData[[#This Row],[Nov-26]]-WomData[[#This Row],[Oct-26]])/WomData[[#This Row],[Oct-26]] -> 1.5 | AH7: =(WomData[[#This Row],[Dec-26]]-WomData[[#This Row],[Nov-26]])/WomData[[#This Row],[Nov-26]] -> -0.4 | AI7: =(WomData[[#This Row],[Jan-27]]-WomData[[#This Row],[Dec-26]])/WomData[[#This Row],[Dec-26]] -> 1 | AJ7: =(WomData[[#This Row],[Feb-27]]-WomData[[#This Row],[Jan-27]])/WomData[[#This Row],[Jan-27]] -> 0.16666667 | AK7: =(WomData[[#This Row],[Mar-27]]-WomData[[#This Row],[Feb-27]])/WomData[[#This Row],[Feb-27]] -> 0.14285714 | AL7: =(WomData[[#This Row],[Apr-27]]-WomData[[#This Row],[Mar-27]])/WomData[[#This Row],[Mar-27]] -> 0.125 | AM7: =(WomData[[#This Row],[May-27]]-WomData[[#This Row],[Apr-27]])/WomData[[#This Row],[Apr-27]] -> -0.11111111 | AN7: =(WomData[[#This Row],[Jun-27]]-WomData[[#This Row],[May-27]])/WomData[[#This Row],[May-27]] -> -0.5
C8: X - Engagements | D8: 3 | E8: 4 | F8: 12 | G8: 5 | H8: 7 | I8: 2 | J8: 5 | K8: 3 | L8: 6 | M8: 7 | N8: 8 | O8: 9 | P8: 8 | Q8: 4 | Z8: X - Engagements | AB8: =(WomData[[#This Row],[Jun-26]]-WomData[[#This Row],[May-26]])/WomData[[#This Row],[May-26]] -> 0.33333333 | AC8: =(WomData[[#This Row],[Jul-26]]-WomData[[#This Row],[Jun-26]])/WomData[[#This Row],[Jun-26]] -> 2 | AD8: =(WomData[[#This Row],[Aug-26]]-WomData[[#This Row],[Jul-26]])/WomData[[#This Row],[Jul-26]] -> -0.58333333 | AE8: =(WomData[[#This Row],[Sep-26]]-WomData[[#This Row],[Aug-26]])/WomData[[#This Row],[Aug-26]] -> 0.4 | AF8: =(WomData[[#This Row],[Oct-26]]-WomData[[#This Row],[Sep-26]])/WomData[[#This Row],[Sep-26]] -> -0.71428571 | AG8: =(WomData[[#This Row],[Nov-26]]-WomData[[#This Row],[Oct-26]])/WomData[[#This Row],[Oct-26]] -> 1.5 | AH8: =(WomData[[#This Row],[Dec-26]]-WomData[[#This Row],[Nov-26]])/WomData[[#This Row],[Nov-26]] -> -0.4 | AI8: =(WomData[[#This Row],[Jan-27]]-WomData[[#This Row],[Dec-26]])/WomData[[#This Row],[Dec-26]] -> 1 | AJ8: =(WomData[[#This Row],[Feb-27]]-WomData[[#This Row],[Jan-27]])/WomData[[#This Row],[Jan-27]] -> 0.16666667 | AK8: =(WomData[[#This Row],[Mar-27]]-WomData[[#This Row],[Feb-27]])/WomData[[#This Row],[Feb-27]] -> 0.14285714 | AL8: =(WomData[[#This Row],[Apr-27]]-WomData[[#This Row],[Mar-27]])/WomData[[#This Row],[Mar-27]] -> 0.125 | AM8: =(WomData[[#This Row],[May-27]]-WomData[[#This Row],[Apr-27]])/WomData[[#This Row],[Apr-27]] -> -0.11111111 | AN8: =(WomData[[#This Row],[Jun-27]]-WomData[[#This Row],[May-27]])/WomData[[#This Row],[May-27]] -> -0.5
C9: X - Profile visits | D9: 3 | E9: 4 | F9: 12 | G9: 5 | H9: 7 | I9: 2 | J9: 5 | K9: 3 | L9: 6 | M9: 7 | N9: 8 | O9: 9 | P9: 8 | Q9: 4 | Z9: X - Profile visits | AB9: =(WomData[[#This Row],[Jun-26]]-WomData[[#This Row],[May-26]])/WomData[[#This Row],[May-26]] -> 0.33333333 | AC9: =(WomData[[#This Row],[Jul-26]]-WomData[[#This Row],[Jun-26]])/WomData[[#This Row],[Jun-26]] -> 2 | AD9: =(WomData[[#This Row],[Aug-26]]-WomData[[#This Row],[Jul-26]])/WomData[[#This Row],[Jul-26]] -> -0.58333333 | AE9: =(WomData[[#This Row],[Sep-26]]-WomData[[#This Row],[Aug-26]])/WomData[[#This Row],[Aug-26]] -> 0.4 | AF9: =(WomData[[#This Row],[Oct-26]]-WomData[[#This Row],[Sep-26]])/WomData[[#This Row],[Sep-26]] -> -0.71428571 | AG9: =(WomData[[#This Row],[Nov-26]]-WomData[[#This Row],[Oct-26]])/WomData[[#This Row],[Oct-26]] -> 1.5 | AH9: =(WomData[[#This Row],[Dec-26]]-WomData[[#This Row],[Nov-26]])/WomData[[#This Row],[Nov-26]] -> -0.4 | AI9: =(WomData[[#This Row],[Jan-27]]-WomData[[#This Row],[Dec-26]])/WomData[[#This Row],[Dec-26]] -> 1 | AJ9: =(WomData[[#This Row],[Feb-27]]-WomData[[#This Row],[Jan-27]])/WomData[[#This Row],[Jan-27]] -> 0.16666667 | AK9: =(WomData[[#This Row],[Mar-27]]-WomData[[#This Row],[Feb-27]])/WomData[[#This Row],[Feb-27]] -> 0.14285714 | AL9: =(WomData[[#This Row],[Apr-27]]-WomData[[#This Row],[Mar-27]])/WomData[[#This Row],[Mar-27]] -> 0.125 | AM9: =(WomData[[#This Row],[May-27]]-WomData[[#This Row],[Apr-27]])/WomData[[#This Row],[Apr-27]] -> -0.11111111 | AN9: =(WomData[[#This Row],[Jun-27]]-WomData[[#This Row],[May-27]])/WomData[[#This Row],[May-27]] -> -0.5
C10: X - Replies | D10: 3 | E10: 4 | F10: 12 | G10: 5 | H10: 7 | I10: 2 | J10: 5 | K10: 3 | L10: 6 | M10: 7 | N10: 8 | O10: 9 | P10: 8 | Q10: 4 | Z10: X - Replies | AB10: =(WomData[[#This Row],[Jun-26]]-WomData[[#This Row],[May-26]])/WomData[[#This Row],[May-26]] -> 0.33333333 | AC10: =(WomData[[#This Row],[Jul-26]]-WomData[[#This Row],[Jun-26]])/WomData[[#This Row],[Jun-26]] -> 2 | AD10: =(WomData[[#This Row],[Aug-26]]-WomData[[#This Row],[Jul-26]])/WomData[[#This Row],[Jul-26]] -> -0.58333333 | AE10: =(WomData[[#This Row],[Sep-26]]-WomData[[#This Row],[Aug-26]])/WomData[[#This Row],[Aug-26]] -> 0.4 | AF10: =(WomData[[#This Row],[Oct-26]]-WomData[[#This Row],[Sep-26]])/WomData[[#This Row],[Sep-26]] -> -0.71428571 | AG10: =(WomData[[#This Row],[Nov-26]]-WomData[[#This Row],[Oct-26]])/WomData[[#This Row],[Oct-26]] -> 1.5 | AH10: =(WomData[[#This Row],[Dec-26]]-WomData[[#This Row],[Nov-26]])/WomData[[#This Row],[Nov-26]] -> -0.4 | AI10: =(WomData[[#This Row],[Jan-27]]-WomData[[#This Row],[Dec-26]])/WomData[[#This Row],[Dec-26]] -> 1 | AJ10: =(WomData[[#This Row],[Feb-27]]-WomData[[#This Row],[Jan-27]])/WomData[[#This Row],[Jan-27]] -> 0.16666667 | AK10: =(WomData[[#This Row],[Mar-27]]-WomData[[#This Row],[Feb-27]])/WomData[[#This Row],[Feb-27]] -> 0.14285714 | AL10: =(WomData[[#This Row],[Apr-27]]-WomData[[#This Row],[Mar-27]])/WomData[[#This Row],[Mar-27]] -> 0.125 | AM10: =(WomData[[#This Row],[May-27]]-WomData[[#This Row],[Apr-27]])/WomData[[#This Row],[Apr-27]] -> -0.11111111 | AN10: =(WomData[[#This Row],[Jun-27]]-WomData[[#This Row],[May-27]])/WomData[[#This Row],[May-27]] -> -0.5
C11: X - Likes | D11: 3 | E11: 4 | F11: 12 | G11: 5 | H11: 7 | I11: 2 | J11: 5 | K11: 3 | L11: 6 | M11: 7 | N11: 8 | O11: 9 | P11: 8 | Q11: 4 | Z11: X - Likes | AB11: =(WomData[[#This Row],[Jun-26]]-WomData[[#This Row],[May-26]])/WomData[[#This Row],[May-26]] -> 0.33333333 | AC11: =(WomData[[#This Row],[Jul-26]]-WomData[[#This Row],[Jun-26]])/WomData[[#This Row],[Jun-26]] -> 2 | AD11: =(WomData[[#This Row],[Aug-26]]-WomData[[#This Row],[Jul-26]])/WomData[[#This Row],[Jul-26]] -> -0.58333333 | AE11: =(WomData[[#This Row],[Sep-26]]-WomData[[#This Row],[Aug-26]])/WomData[[#This Row],[Aug-26]] -> 0.4 | AF11: =(WomData[[#This Row],[Oct-26]]-WomData[[#This Row],[Sep-26]])/WomData[[#This Row],[Sep-26]] -> -0.71428571 | AG11: =(WomData[[#This Row],[Nov-26]]-WomData[[#This Row],[Oct-26]])/WomData[[#This Row],[Oct-26]] -> 1.5 | AH11: =(WomData[[#This Row],[Dec-26]]-WomData[[#This Row],[Nov-26]])/WomData[[#This Row],[Nov-26]] -> -0.4 | AI11: =(WomData[[#This Row],[Jan-27]]-WomData[[#This Row],[Dec-26]])/WomData[[#This Row],[Dec-26]] -> 1 | AJ11: =(WomData[[#This Row],[Feb-27]]-WomData[[#This Row],[Jan-27]])/WomData[[#This Row],[Jan-27]] -> 0.16666667 | AK11: =(WomData[[#This Row],[Mar-27]]-WomData[[#This Row],[Feb-27]])/WomData[[#This Row],[Feb-27]] -> 0.14285714 | AL11: =(WomData[[#This Row],[Apr-27]]-WomData[[#This Row],[Mar-27]])/WomData[[#This Row],[Mar-27]] -> 0.125 | AM11: =(WomData[[#This Row],[May-27]]-WomData[[#This Row],[Apr-27]])/WomData[[#This Row],[Apr-27]] -> -0.11111111 | AN11: =(WomData[[#This Row],[Jun-27]]-WomData[[#This Row],[May-27]])/WomData[[#This Row],[May-27]] -> -0.5
C12: X - Reposts | D12: 3 | E12: 4 | F12: 12 | G12: 5 | H12: 7 | I12: 2 | J12: 5 | K12: 3 | L12: 6 | M12: 7 | N12: 8 | O12: 9 | P12: 8 | Q12: 4 | Z12: X - Reposts | AB12: =(WomData[[#This Row],[Jun-26]]-WomData[[#This Row],[May-26]])/WomData[[#This Row],[May-26]] -> 0.33333333 | AC12: =(WomData[[#This Row],[Jul-26]]-WomData[[#This Row],[Jun-26]])/WomData[[#This Row],[Jun-26]] -> 2 | AD12: =(WomData[[#This Row],[Aug-26]]-WomData[[#This Row],[Jul-26]])/WomData[[#This Row],[Jul-26]] -> -0.58333333 | AE12: =(WomData[[#This Row],[Sep-26]]-WomData[[#This Row],[Aug-26]])/WomData[[#This Row],[Aug-26]] -> 0.4 | AF12: =(WomData[[#This Row],[Oct-26]]-WomData[[#This Row],[Sep-26]])/WomData[[#This Row],[Sep-26]] -> -0.71428571 | AG12: =(WomData[[#This Row],[Nov-26]]-WomData[[#This Row],[Oct-26]])/WomData[[#This Row],[Oct-26]] -> 1.5 | AH12: =(WomData[[#This Row],[Dec-26]]-WomData[[#This Row],[Nov-26]])/WomData[[#This Row],[Nov-26]] -> -0.4 | AI12: =(WomData[[#This Row],[Jan-27]]-WomData[[#This Row],[Dec-26]])/WomData[[#This Row],[Dec-26]] -> 1 | AJ12: =(WomData[[#This Row],[Feb-27]]-WomData[[#This Row],[Jan-27]])/WomData[[#This Row],[Jan-27]] -> 0.16666667 | AK12: =(WomData[[#This Row],[Mar-27]]-WomData[[#This Row],[Feb-27]])/WomData[[#This Row],[Feb-27]] -> 0.14285714 | AL12: =(WomData[[#This Row],[Apr-27]]-WomData[[#This Row],[Mar-27]])/WomData[[#This Row],[Mar-27]] -> 0.125 | AM12: =(WomData[[#This Row],[May-27]]-WomData[[#This Row],[Apr-27]])/WomData[[#This Row],[Apr-27]] -> -0.11111111 | AN12: =(WomData[[#This Row],[Jun-27]]-WomData[[#This Row],[May-27]])/WomData[[#This Row],[May-27]] -> -0.5
C13: X - Bookmarks | D13: 3 | E13: 4 | F13: 12 | G13: 5 | H13: 7 | I13: 2 | J13: 5 | K13: 3 | L13: 6 | M13: 7 | N13: 8 | O13: 9 | P13: 8 | Q13: 4 | Z13: X - Bookmarks | AB13: =(WomData[[#This Row],[Jun-26]]-WomData[[#This Row],[May-26]])/WomData[[#This Row],[May-26]] -> 0.33333333 | AC13: =(WomData[[#This Row],[Jul-26]]-WomData[[#This Row],[Jun-26]])/WomData[[#This Row],[Jun-26]] -> 2 | AD13: =(WomData[[#This Row],[Aug-26]]-WomData[[#This Row],[Jul-26]])/WomData[[#This Row],[Jul-26]] -> -0.58333333 | AE13: =(WomData[[#This Row],[Sep-26]]-WomData[[#This Row],[Aug-26]])/WomData[[#This Row],[Aug-26]] -> 0.4 | AF13: =(WomData[[#This Row],[Oct-26]]-WomData[[#This Row],[Sep-26]])/WomData[[#This Row],[Sep-26]] -> -0.71428571 | AG13: =(WomData[[#This Row],[Nov-26]]-WomData[[#This Row],[Oct-26]])/WomData[[#This Row],[Oct-26]] -> 1.5 | AH13: =(WomData[[#This Row],[Dec-26]]-WomData[[#This Row],[Nov-26]])/WomData[[#This Row],[Nov-26]] -> -0.4 | AI13: =(WomData[[#This Row],[Jan-27]]-WomData[[#This Row],[Dec-26]])/WomData[[#This Row],[Dec-26]] -> 1 | AJ13: =(WomData[[#This Row],[Feb-27]]-WomData[[#This Row],[Jan-27]])/WomData[[#This Row],[Jan-27]] -> 0.16666667 | AK13: =(WomData[[#This Row],[Mar-27]]-WomData[[#This Row],[Feb-27]])/WomData[[#This Row],[Feb-27]] -> 0.14285714 | AL13: =(WomData[[#This Row],[Apr-27]]-WomData[[#This Row],[Mar-27]])/WomData[[#This Row],[Mar-27]] -> 0.125 | AM13: =(WomData[[#This Row],[May-27]]-WomData[[#This Row],[Apr-27]])/WomData[[#This Row],[Apr-27]] -> -0.11111111 | AN13: =(WomData[[#This Row],[Jun-27]]-WomData[[#This Row],[May-27]])/WomData[[#This Row],[May-27]] -> -0.5
C14: X - Shares | D14: 3 | E14: 4 | F14: 12 | G14: 5 | H14: 7 | I14: 2 | J14: 5 | K14: 3 | L14: 6 | M14: 7 | N14: 8 | O14: 9 | P14: 8 | Q14: 4 | Z14: X - Shares | AB14: =(WomData[[#This Row],[Jun-26]]-WomData[[#This Row],[May-26]])/WomData[[#This Row],[May-26]] -> 0.33333333 | AC14: =(WomData[[#This Row],[Jul-26]]-WomData[[#This Row],[Jun-26]])/WomData[[#This Row],[Jun-26]] -> 2 | AD14: =(WomData[[#This Row],[Aug-26]]-WomData[[#This Row],[Jul-26]])/WomData[[#This Row],[Jul-26]] -> -0.58333333 | AE14: =(WomData[[#This Row],[Sep-26]]-WomData[[#This Row],[Aug-26]])/WomData[[#This Row],[Aug-26]] -> 0.4 | AF14: =(WomData[[#This Row],[Oct-26]]-WomData[[#This Row],[Sep-26]])/WomData[[#This Row],[Sep-26]] -> -0.71428571 | AG14: =(WomData[[#This Row],[Nov-26]]-WomData[[#This Row],[Oct-26]])/WomData[[#This Row],[Oct-26]] -> 1.5 | AH14: =(WomData[[#This Row],[Dec-26]]-WomData[[#This Row],[Nov-26]])/WomData[[#This Row],[Nov-26]] -> -0.4 | AI14: =(WomData[[#This Row],[Jan-27]]-WomData[[#This Row],[Dec-26]])/WomData[[#This Row],[Dec-26]] -> 1 | AJ14: =(WomData[[#This Row],[Feb-27]]-WomData[[#This Row],[Jan-27]])/WomData[[#This Row],[Jan-27]] -> 0.16666667 | AK14: =(WomData[[#This Row],[Mar-27]]-WomData[[#This Row],[Feb-27]])/WomData[[#This Row],[Feb-27]] -> 0.14285714 | AL14: =(WomData[[#This Row],[Apr-27]]-WomData[[#This Row],[Mar-27]])/WomData[[#This Row],[Mar-27]] -> 0.125 | AM14: =(WomData[[#This Row],[May-27]]-WomData[[#This Row],[Apr-27]])/WomData[[#This Row],[Apr-27]] -> -0.11111111 | AN14: =(WomData[[#This Row],[Jun-27]]-WomData[[#This Row],[May-27]])/WomData[[#This Row],[May-27]] -> -0.5
C15: X - Video Views | D15: 3 | E15: 4 | F15: 12 | G15: 5 | H15: 7 | I15: 2 | J15: 5 | K15: 3 | L15: 6 | M15: 7 | N15: 8 | O15: 9 | P15: 8 | Q15: 4 | Z15: X - Video Views | AB15: =(WomData[[#This Row],[Jun-26]]-WomData[[#This Row],[May-26]])/WomData[[#This Row],[May-26]] -> 0.33333333 | AC15: =(WomData[[#This Row],[Jul-26]]-WomData[[#This Row],[Jun-26]])/WomData[[#This Row],[Jun-26]] -> 2 | AD15: =(WomData[[#This Row],[Aug-26]]-WomData[[#This Row],[Jul-26]])/WomData[[#This Row],[Jul-26]] -> -0.58333333 | AE15: =(WomData[[#This Row],[Sep-26]]-WomData[[#This Row],[Aug-26]])/WomData[[#This Row],[Aug-26]] -> 0.4 | AF15: =(WomData[[#This Row],[Oct-26]]-WomData[[#This Row],[Sep-26]])/WomData[[#This Row],[Sep-26]] -> -0.71428571 | AG15: =(WomData[[#This Row],[Nov-26]]-WomData[[#This Row],[Oct-26]])/WomData[[#This Row],[Oct-26]] -> 1.5 | AH15: =(WomData[[#This Row],[Dec-26]]-WomData[[#This Row],[Nov-26]])/WomData[[#This Row],[Nov-26]] -> -0.4 | AI15: =(WomData[[#This Row],[Jan-27]]-WomData[[#This Row],[Dec-26]])/WomData[[#This Row],[Dec-26]] -> 1 | AJ15: =(WomData[[#This Row],[Feb-27]]-WomData[[#This Row],[Jan-27]])/WomData[[#This Row],[Jan-27]] -> 0.16666667 | AK15: =(WomData[[#This Row],[Mar-27]]-WomData[[#This Row],[Feb-27]])/WomData[[#This Row],[Feb-27]] -> 0.14285714 | AL15: =(WomData[[#This Row],[Apr-27]]-WomData[[#This Row],[Mar-27]])/WomData[[#This Row],[Mar-27]] -> 0.125 | AM15: =(WomData[[#This Row],[May-27]]-WomData[[#This Row],[Apr-27]])/WomData[[#This Row],[Apr-27]] -> -0.11111111 | AN15: =(WomData[[#This Row],[Jun-27]]-WomData[[#This Row],[May-27]])/WomData[[#This Row],[May-27]] -> -0.5
C16: TT - Views | D16: 3 | E16: 4 | F16: 12 | G16: 5 | H16: 7 | I16: 2 | J16: 5 | K16: 3 | L16: 6 | M16: 7 | N16: 8 | O16: 9 | P16: 8 | Q16: 4 | Z16: TT - Views | AB16: =(WomData[[#This Row],[Jun-26]]-WomData[[#This Row],[May-26]])/WomData[[#This Row],[May-26]] -> 0.33333333 | AC16: =(WomData[[#This Row],[Jul-26]]-WomData[[#This Row],[Jun-26]])/WomData[[#This Row],[Jun-26]] -> 2 | AD16: =(WomData[[#This Row],[Aug-26]]-WomData[[#This Row],[Jul-26]])/WomData[[#This Row],[Jul-26]] -> -0.58333333 | AE16: =(WomData[[#This Row],[Sep-26]]-WomData[[#This Row],[Aug-26]])/WomData[[#This Row],[Aug-26]] -> 0.4 | AF16: =(WomData[[#This Row],[Oct-26]]-WomData[[#This Row],[Sep-26]])/WomData[[#This Row],[Sep-26]] -> -0.71428571 | AG16: =(WomData[[#This Row],[Nov-26]]-WomData[[#This Row],[Oct-26]])/WomData[[#This Row],[Oct-26]] -> 1.5 | AH16: =(WomData[[#This Row],[Dec-26]]-WomData[[#This Row],[Nov-26]])/WomData[[#This Row],[Nov-26]] -> -0.4 | AI16: =(WomData[[#This Row],[Jan-27]]-WomData[[#This Row],[Dec-26]])/WomData[[#This Row],[Dec-26]] -> 1 | AJ16: =(WomData[[#This Row],[Feb-27]]-WomData[[#This Row],[Jan-27]])/WomData[[#This Row],[Jan-27]] -> 0.16666667 | AK16: =(WomData[[#This Row],[Mar-27]]-WomData[[#This Row],[Feb-27]])/WomData[[#This Row],[Feb-27]] -> 0.14285714 | AL16: =(WomData[[#This Row],[Apr-27]]-WomData[[#This Row],[Mar-27]])/WomData[[#This Row],[Mar-27]] -> 0.125 | AM16: =(WomData[[#This Row],[May-27]]-WomData[[#This Row],[Apr-27]])/WomData[[#This Row],[Apr-27]] -> -0.11111111 | AN16: =(WomData[[#This Row],[Jun-27]]-WomData[[#This Row],[May-27]])/WomData[[#This Row],[May-27]] -> -0.5
... C34: LINKEDIN - Comments | D34: 3 | E34: 4 | F34: 12 | G34: 5 | H34: 7 | I34: 2 | J34: 5 | K34: 3 | L34: 6 | M34: 7 | N34: 8 | O34: 9 | P34: 8 | Q34: 4 | Z34: LINKEDIN - Comments | AB34: =(WomData[[#This Row],[Jun-26]]-WomData[[#This Row],[May-26]])/WomData[[#This Row],[May-26]] -> 0.33333333 | AC34: =(WomData[[#This Row],[Jul-26]]-WomData[[#This Row],[Jun-26]])/WomData[[#This Row],[Jun-26]] -> 2 | AD34: =(WomData[[#This Row],[Aug-26]]-WomData[[#This Row],[Jul-26]])/WomData[[#This Row],[Jul-26]] -> -0.58333333 | AE34: =(WomData[[#This Row],[Sep-26]]-WomData[[#This Row],[Aug-26]])/WomData[[#This Row],[Aug-26]] -> 0.4 | AF34: =(WomData[[#This Row],[Oct-26]]-WomData[[#This Row],[Sep-26]])/WomData[[#This Row],[Sep-26]] -> -0.71428571 | AG34: =(WomData[[#This Row],[Nov-26]]-WomData[[#This Row],[Oct-26]])/WomData[[#This Row],[Oct-26]] -> 1.5 | AH34: =(WomData[[#This Row],[Dec-26]]-WomData[[#This Row],[Nov-26]])/WomData[[#This Row],[Nov-26]] -> -0.4 | AI34: =(WomData[[#This Row],[Jan-27]]-WomData[[#This Row],[Dec-26]])/WomData[[#This Row],[Dec-26]] -> 1 | AJ34: =(WomData[[#This Row],[Feb-27]]-WomData[[#This Row],[Jan-27]])/WomData[[#This Row],[Jan-27]] -> 0.16666667 | AK34: =(WomData[[#This Row],[Mar-27]]-WomData[[#This Row],[Feb-27]])/WomData[[#This Row],[Feb-27]] -> 0.14285714 | AL34: =(WomData[[#This Row],[Apr-27]]-WomData[[#This Row],[Mar-27]])/WomData[[#This Row],[Mar-27]] -> 0.125 | AM34: =(WomData[[#This Row],[May-27]]-WomData[[#This Row],[Apr-27]])/WomData[[#This Row],[Apr-27]] -> -0.11111111 | AN34: =(WomData[[#This Row],[Jun-27]]-WomData[[#This Row],[May-27]])/WomData[[#This Row],[May-27]] -> -0.5

Sheet Womens Manipulated Data
A1: June | I1: July | P1: August | X1: September | AF1: October | AN1: November | AV1: December | BE1: January | BM1: February | BT1: March | CB1: April | CJ1: May | CR1: June
A3: X | B3: Metric | C3: Amount | D3: Monthly Change | I3: X | J3: Metric | K3: Amount | L3: Monthly Change | P3: X | Q3: Metric | R3: Amount | S3: Monthly Change | X3: X | Y3: Metric | Z3: Amount | AA3: Monthly Change | AF3: X | AG3: Metric | AH3: Amount | AI3: Monthly Change | AN3: X | AO3: Metric | AP3: Amount | AQ3: Monthly Change | AV3: X | AW3: Metric | AX3: Amount | AY3: Monthly Change | BE3: X | BF3: Metric | BG3: Amount | BH3: Monthly Change | BM3: X | BN3: Metric | BO3: Amount | BP3: Monthly Change | BT3: X | BU3: Metric | BV3: Amount | BW3: Monthly Change | CB3: X | CC3: Metric | CD3: Amount | CE3: Monthly Change | CJ3: X | CK3: Metric | CL3: Amount | CM3: Monthly Change | CR3: X | CS3: Metric | CT3: Amount | CU3: Monthly Change
B4: Followers | C4: ='Womens Data'!E5 -> 4 | D4: ='Womens Data'!AB5 -> 0.33333333 | J4: Followers | K4: ='Womens Data'!F5 -> 12 | L4: ='Womens Data'!AC5 -> 2 | Q4: Followers | R4: ='Womens Data'!G5 -> 5 | S4: ='Womens Data'!AD5 -> -0.58333333 | Y4: Followers | Z4: ='Womens Data'!H5 -> 7 | AA4: ='Womens Data'!AE5 -> 0.4 | AG4: Followers | AH4: ='Womens Data'!I5 -> 2 | AI4: ='Womens Data'!AF5 -> -0.71428571 | AO4: Followers | AP4: ='Womens Data'!J5 -> 5 | AQ4: ='Womens Data'!AG5 -> 1.5 | AW4: Followers | AX4: ='Womens Data'!K5 -> 3 | AY4: ='Womens Data'!AH5 -> -0.4 | BF4: Followers | BG4: ='Womens Data'!L5 -> 6 | BH4: ='Womens Data'!AI5 -> 1 | BN4: Followers | BO4: ='Womens Data'!M5 -> 7 | BP4: ='Womens Data'!AJ5 -> 0.16666667 | BU4: Followers | BV4: ='Womens Data'!N5 -> 8 | BW4: ='Womens Data'!AK5 -> 0.14285714 | CC4: Followers | CD4: ='Womens Data'!O5 -> 9 | CE4: ='Womens Data'!AL5 -> 0.125 | CK4: Followers | CL4: ='Womens Data'!P5 -> 8 | CM4: ='Womens Data'!AM5 -> -0.11111111 | CS4: Followers | CT4: ='Womens Data'!Q5 -> 4 | CU4: ='Womens Data'!AN5 -> -0.5
B5: Impressions | C5: ='Womens Data'!E6 -> 4 | D5: ='Womens Data'!AB6 -> 0.33333333 | J5: Impressions | K5: ='Womens Data'!F6 -> 12 | L5: ='Womens Data'!AC6 -> 2 | Q5: Impressions | R5: ='Womens Data'!G6 -> 5 | S5: ='Womens Data'!AD6 -> -0.58333333 | Y5: Impressions | Z5: ='Womens Data'!H6 -> 7 | AA5: ='Womens Data'!AE6 -> 0.4 | AG5: Impressions | AH5: ='Womens Data'!I6 -> 2 | AI5: ='Womens Data'!AF6 -> -0.71428571 | AO5: Impressions | AP5: ='Womens Data'!J6 -> 5 | AQ5: ='Womens Data'!AG6 -> 1.5 | AW5: Impressions | AX5: ='Womens Data'!K6 -> 3 | AY5: ='Womens Data'!AH6 -> -0.4 | BF5: Impressions | BG5: ='Womens Data'!L6 -> 6 | BH5: ='Womens Data'!AI6 -> 1 | BN5: Impressions | BO5: ='Womens Data'!M6 -> 7 | BP5: ='Womens Data'!AJ6 -> 0.16666667 | BU5: Impressions | BV5: ='Womens Data'!N6 -> 8 | BW5: ='Womens Data'!AK6 -> 0.14285714 | CC5: Impressions | CD5: ='Womens Data'!O6 -> 9 | CE5: ='Womens Data'!AL6 -> 0.125 | CK5: Impressions | CL5: ='Womens Data'!P6 -> 8 | CM5: ='Womens Data'!AM6 -> -0.11111111 | CS5: Impressions | CT5: ='Womens Data'!Q6 -> 4 | CU5: ='Womens Data'!AN6 -> -0.5
B6: Engagement rate | C6: ='Womens Data'!E7 -> 4 | D6: ='Womens Data'!AB7 -> 0.33333333 | J6: Engagement rate | K6: ='Womens Data'!F7 -> 12 | L6: ='Womens Data'!AC7 -> 2 | Q6: Engagement rate | R6: ='Womens Data'!G7 -> 5 | S6: ='Womens Data'!AD7 -> -0.58333333 | Y6: Engagement rate | Z6: ='Womens Data'!H7 -> 7 | AA6: ='Womens Data'!AE7 -> 0.4 | AG6: Engagement rate | AH6: ='Womens Data'!I7 -> 2 | AI6: ='Womens Data'!AF7 -> -0.71428571 | AO6: Engagement rate | AP6: ='Womens Data'!J7 -> 5 | AQ6: ='Womens Data'!AG7 -> 1.5 | AW6: Engagement rate | AX6: ='Womens Data'!K7 -> 3 | AY6: ='Womens Data'!AH7 -> -0.4 | BF6: Engagement rate | BG6: ='Womens Data'!L7 -> 6 | BH6: ='Womens Data'!AI7 -> 1 | BN6: Engagement rate | BO6: ='Womens Data'!M7 -> 7 | BP6: ='Womens Data'!AJ7 -> 0.16666667 | BU6: Engagement rate | BV6: ='Womens Data'!N7 -> 8 | BW6: ='Womens Data'!AK7 -> 0.14285714 | CC6: Engagement rate | CD6: ='Womens Data'!O7 -> 9 | CE6: ='Womens Data'!AL7 -> 0.125 | CK6: Engagement rate | CL6: ='Womens Data'!P7 -> 8 | CM6: ='Womens Data'!AM7 -> -0.11111111 | CS6: Engagement rate | CT6: ='Womens Data'!Q7 -> 4 | CU6: ='Womens Data'!AN7 -> -0.5
B7: Engagements | C7: ='Womens Data'!E8 -> 4 | D7: ='Womens Data'!AB8 -> 0.33333333 | J7: Engagements | K7: ='Womens Data'!F8 -> 12 | L7: ='Womens Data'!AC8 -> 2 | Q7: Engagements | R7: ='Womens Data'!G8 -> 5 | S7: ='Womens Data'!AD8 -> -0.58333333 | Y7: Engagements | Z7: ='Womens Data'!H8 -> 7 | AA7: ='Womens Data'!AE8 -> 0.4 | AG7: Engagements | AH7: ='Womens Data'!I8 -> 2 | AI7: ='Womens Data'!AF8 -> -0.71428571 | AO7: Engagements | AP7: ='Womens Data'!J8 -> 5 | AQ7: ='Womens Data'!AG8 -> 1.5 | AW7: Engagements | AX7: ='Womens Data'!K8 -> 3 | AY7: ='Womens Data'!AH8 -> -0.4 | BF7: Engagements | BG7: ='Womens Data'!L8 -> 6 | BH7: ='Womens Data'!AI8 -> 1 | BN7: Engagements | BO7: ='Womens Data'!M8 -> 7 | BP7: ='Womens Data'!AJ8 -> 0.16666667 | BU7: Engagements | BV7: ='Womens Data'!N8 -> 8 | BW7: ='Womens Data'!AK8 -> 0.14285714 | CC7: Engagements | CD7: ='Womens Data'!O8 -> 9 | CE7: ='Womens Data'!AL8 -> 0.125 | CK7: Engagements | CL7: ='Womens Data'!P8 -> 8 | CM7: ='Womens Data'!AM8 -> -0.11111111 | CS7: Engagements | CT7: ='Womens Data'!Q8 -> 4 | CU7: ='Womens Data'!AN8 -> -0.5
B8: Profile visits | C8: ='Womens Data'!E9 -> 4 | D8: ='Womens Data'!AB9 -> 0.33333333 | J8: Profile visits | K8: ='Womens Data'!F9 -> 12 | L8: ='Womens Data'!AC9 -> 2 | Q8: Profile visits | R8: ='Womens Data'!G9 -> 5 | S8: ='Womens Data'!AD9 -> -0.58333333 | Y8: Profile visits | Z8: ='Womens Data'!H9 -> 7 | AA8: ='Womens Data'!AE9 -> 0.4 | AG8: Profile visits | AH8: ='Womens Data'!I9 -> 2 | AI8: ='Womens Data'!AF9 -> -0.71428571 | AO8: Profile visits | AP8: ='Womens Data'!J9 -> 5 | AQ8: ='Womens Data'!AG9 -> 1.5 | AW8: Profile visits | AX8: ='Womens Data'!K9 -> 3 | AY8: ='Womens Data'!AH9 -> -0.4 | BF8: Profile visits | BG8: ='Womens Data'!L9 -> 6 | BH8: ='Womens Data'!AI9 -> 1 | BN8: Profile visits | BO8: ='Womens Data'!M9 -> 7 | BP8: ='Womens Data'!AJ9 -> 0.16666667 | BU8: Profile visits | BV8: ='Womens Data'!N9 -> 8 | BW8: ='Womens Data'!AK9 -> 0.14285714 | CC8: Profile visits | CD8: ='Womens Data'!O9 -> 9 | CE8: ='Womens Data'!AL9 -> 0.125 | CK8: Profile visits | CL8: ='Womens Data'!P9 -> 8 | CM8: ='Womens Data'!AM9 -> -0.11111111 | CS8: Profile visits | CT8: ='Womens Data'!Q9 -> 4 | CU8: ='Womens Data'!AN9 -> -0.5
B9: Replies | C9: ='Womens Data'!E10 -> 4 | D9: ='Womens Data'!AB10 -> 0.33333333 | J9: Replies | K9: ='Womens Data'!F10 -> 12 | L9: ='Womens Data'!AC10 -> 2 | Q9: Replies | R9: ='Womens Data'!G10 -> 5 | S9: ='Womens Data'!AD10 -> -0.58333333 | Y9: Replies | Z9: ='Womens Data'!H10 -> 7 | AA9: ='Womens Data'!AE10 -> 0.4 | AG9: Replies | AH9: ='Womens Data'!I10 -> 2 | AI9: ='Womens Data'!AF10 -> -0.71428571 | AO9: Replies | AP9: ='Womens Data'!J10 -> 5 | AQ9: ='Womens Data'!AG10 -> 1.5 | AW9: Replies | AX9: ='Womens Data'!K10 -> 3 | AY9: ='Womens Data'!AH10 -> -0.4 | BF9: Replies | BG9: ='Womens Data'!L10 -> 6 | BH9: ='Womens Data'!AI10 -> 1 | BN9: Replies | BO9: ='Womens Data'!M10 -> 7 | BP9: ='Womens Data'!AJ10 -> 0.16666667 | BU9: Replies | BV9: ='Womens Data'!N10 -> 8 | BW9: ='Womens Data'!AK10 -> 0.14285714 | CC9: Replies | CD9: ='Womens Data'!O10 -> 9 | CE9: ='Womens Data'!AL10 -> 0.125 | CK9: Replies | CL9: ='Womens Data'!P10 -> 8 | CM9: ='Womens Data'!AM10 -> -0.11111111 | CS9: Replies | CT9: ='Womens Data'!Q10 -> 4 | CU9: ='Womens Data'!AN10 -> -0.5
B10: Likes | C10: ='Womens Data'!E11 -> 4 | D10: ='Womens Data'!AB11 -> 0.33333333 | J10: Likes | K10: ='Womens Data'!F11 -> 12 | L10: ='Womens Data'!AC11 -> 2 | Q10: Likes | R10: ='Womens Data'!G11 -> 5 | S10: ='Womens Data'!AD11 -> -0.58333333 | Y10: Likes | Z10: ='Womens Data'!H11 -> 7 | AA10: ='Womens Data'!AE11 -> 0.4 | AG10: Likes | AH10: ='Womens Data'!I11 -> 2 | AI10: ='Womens Data'!AF11 -> -0.71428571 | AO10: Likes | AP10: ='Womens Data'!J11 -> 5 | AQ10: ='Womens Data'!AG11 -> 1.5 | AW10: Likes | AX10: ='Womens Data'!K11 -> 3 | AY10: ='Womens Data'!AH11 -> -0.4 | BF10: Likes | BG10: ='Womens Data'!L11 -> 6 | BH10: ='Womens Data'!AI11 -> 1 | BN10: Likes | BO10: ='Womens Data'!M11 -> 7 | BP10: ='Womens Data'!AJ11 -> 0.16666667 | BU10: Likes | BV10: ='Womens Data'!N11 -> 8 | BW10: ='Womens Data'!AK11 -> 0.14285714 | CC10: Likes | CD10: ='Womens Data'!O11 -> 9 | CE10: ='Womens Data'!AL11 -> 0.125 | CK10: Likes | CL10: ='Womens Data'!P11 -> 8 | CM10: ='Womens Data'!AM11 -> -0.11111111 | CS10: Likes | CT10: ='Womens Data'!Q11 -> 4 | CU10: ='Womens Data'!AN11 -> -0.5
B11: Reposts | C11: ='Womens Data'!E12 -> 4 | D11: ='Womens Data'!AB12 -> 0.33333333 | J11: Reposts | K11: ='Womens Data'!F12 -> 12 | L11: ='Womens Data'!AC12 -> 2 | Q11: Reposts | R11: ='Womens Data'!G12 -> 5 | S11: ='Womens Data'!AD12 -> -0.58333333 | Y11: Reposts | Z11: ='Womens Data'!H12 -> 7 | AA11: ='Womens Data'!AE12 -> 0.4 | AG11: Reposts | AH11: ='Womens Data'!I12 -> 2 | AI11: ='Womens Data'!AF12 -> -0.71428571 | AO11: Reposts | AP11: ='Womens Data'!J12 -> 5 | AQ11: ='Womens Data'!AG12 -> 1.5 | AW11: Reposts | AX11: ='Womens Data'!K12 -> 3 | AY11: ='Womens Data'!AH12 -> -0.4 | BF11: Reposts | BG11: ='Womens Data'!L12 -> 6 | BH11: ='Womens Data'!AI12 -> 1 | BN11: Reposts | BO11: ='Womens Data'!M12 -> 7 | BP11: ='Womens Data'!AJ12 -> 0.16666667 | BU11: Reposts | BV11: ='Womens Data'!N12 -> 8 | BW11: ='Womens Data'!AK12 -> 0.14285714 | CC11: Reposts | CD11: ='Womens Data'!O12 -> 9 | CE11: ='Womens Data'!AL12 -> 0.125 | CK11: Reposts | CL11: ='Womens Data'!P12 -> 8 | CM11: ='Womens Data'!AM12 -> -0.11111111 | CS11: Reposts | CT11: ='Womens Data'!Q12 -> 4 | CU11: ='Womens Data'!AN12 -> -0.5
B12: Bookmarks | C12: ='Womens Data'!E13 -> 4 | D12: ='Womens Data'!AB13 -> 0.33333333 | J12: Bookmarks | K12: ='Womens Data'!F13 -> 12 | L12: ='Womens Data'!AC13 -> 2 | Q12: Bookmarks | R12: ='Womens Data'!G13 -> 5 | S12: ='Womens Data'!AD13 -> -0.58333333 | Y12: Bookmarks | Z12: ='Womens Data'!H13 -> 7 | AA12: ='Womens Data'!AE13 -> 0.4 | AG12: Bookmarks | AH12: ='Womens Data'!I13 -> 2 | AI12: ='Womens Data'!AF13 -> -0.71428571 | AO12: Bookmarks | AP12: ='Womens Data'!J13 -> 5 | AQ12: ='Womens Data'!AG13 -> 1.5 | AW12: Bookmarks | AX12: ='Womens Data'!K13 -> 3 | AY12: ='Womens Data'!AH13 -> -0.4 | BF12: Bookmarks | BG12: ='Womens Data'!L13 -> 6 | BH12: ='Womens Data'!AI13 -> 1 | BN12: Bookmarks | BO12: ='Womens Data'!M13 -> 7 | BP12: ='Womens Data'!AJ13 -> 0.16666667 | BU12: Bookmarks | BV12: ='Womens Data'!N13 -> 8 | BW12: ='Womens Data'!AK13 -> 0.14285714 | CC12: Bookmarks | CD12: ='Womens Data'!O13 -> 9 | CE12: ='Womens Data'!AL13 -> 0.125 | CK12: Bookmarks | CL12: ='Womens Data'!P13 -> 8 | CM12: ='Womens Data'!AM13 -> -0.11111111 | CS12: Bookmarks | CT12: ='Womens Data'!Q13 -> 4 | CU12: ='Womens Data'!AN13 -> -0.5
B13: Shares | C13: ='Womens Data'!E14 -> 4 | D13: ='Womens Data'!AB14 -> 0.33333333 | J13: Shares | K13: ='Womens Data'!F14 -> 12 | L13: ='Womens Data'!AC14 -> 2 | Q13: Shares | R13: ='Womens Data'!G14 -> 5 | S13: ='Womens Data'!AD14 -> -0.58333333 | Y13: Shares | Z13: ='Womens Data'!H14 -> 7 | AA13: ='Womens Data'!AE14 -> 0.4 | AG13: Shares | AH13: ='Womens Data'!I14 -> 2 | AI13: ='Womens Data'!AF14 -> -0.71428571 | AO13: Shares | AP13: ='Womens Data'!J14 -> 5 | AQ13: ='Womens Data'!AG14 -> 1.5 | AW13: Shares | AX13: ='Womens Data'!K14 -> 3 | AY13: ='Womens Data'!AH14 -> -0.4 | BF13: Shares | BG13: ='Womens Data'!L14 -> 6 | BH13: ='Womens Data'!AI14 -> 1 | BN13: Shares | BO13: ='Womens Data'!M14 -> 7 | BP13: ='Womens Data'!AJ14 -> 0.16666667 | BU13: Shares | BV13: ='Womens Data'!N14 -> 8 | BW13: ='Womens Data'!AK14 -> 0.14285714 | CC13: Shares | CD13: ='Womens Data'!O14 -> 9 | CE13: ='Womens Data'!AL14 -> 0.125 | CK13: Shares | CL13: ='Womens Data'!P14 -> 8 | CM13: ='Womens Data'!AM14 -> -0.11111111 | CS13: Shares | CT13: ='Womens Data'!Q14 -> 4 | CU13: ='Womens Data'!AN14 -> -0.5
B14: Video Views | C14: ='Womens Data'!E15 -> 4 | D14: ='Womens Data'!AB15 -> 0.33333333 | J14: Video Views | K14: ='Womens Data'!F15 -> 12 | L14: ='Womens Data'!AC15 -> 2 | Q14: Video Views | R14: ='Womens Data'!G15 -> 5 | S14: ='Womens Data'!AD15 -> -0.58333333 | Y14: Video Views | Z14: ='Womens Data'!H15 -> 7 | AA14: ='Womens Data'!AE15 -> 0.4 | AG14: Video Views | AH14: ='Womens Data'!I15 -> 2 | AI14: ='Womens Data'!AF15 -> -0.71428571 | AO14: Video Views | AP14: ='Womens Data'!J15 -> 5 | AQ14: ='Womens Data'!AG15 -> 1.5 | AW14: Video Views | AX14: ='Womens Data'!K15 -> 3 | AY14: ='Womens Data'!AH15 -> -0.4 | BF14: Video Views | BG14: ='Womens Data'!L15 -> 6 | BH14: ='Womens Data'!AI15 -> 1 | BN14: Video Views | BO14: ='Womens Data'!M15 -> 7 | BP14: ='Womens Data'!AJ15 -> 0.16666667 | BU14: Video Views | BV14: ='Womens Data'!N15 -> 8 | BW14: ='Womens Data'!AK15 -> 0.14285714 | CC14: Video Views | CD14: ='Womens Data'!O15 -> 9 | CE14: ='Womens Data'!AL15 -> 0.125 | CK14: Video Views | CL14: ='Womens Data'!P15 -> 8 | CM14: ='Womens Data'!AM15 -> -0.11111111 | CS14: Video Views | CT14: ='Womens Data'!Q15 -> 4 | CU14: ='Womens Data'!AN15 -> -0.5
A17: TikTok | B17: Metric | C17: Amount | D17: Monthly Change | I17: TikTok | J17: Metric | K17: Amount | L17: Monthly Change | P17: TikTok | Q17: Metric | R17: Amount | S17: Monthly Change | X17: TikTok | Y17: Metric | Z17: Amount | AA17: Monthly Change | AF17: TikTok | AG17: Metric | AH17: Amount | AI17: Monthly Change | AN17: TikTok | AO17: Metric | AP17: Amount | AQ17: Monthly Change | AV17: TikTok | AW17: Metric | AX17: Amount | AY17: Monthly Change | BE17: TikTok | BF17: Metric | BG17: Amount | BH17: Monthly Change | BM17: TikTok | BN17: Metric | BO17: Amount | BP17: Monthly Change | BT17: TikTok | BU17: Metric | BV17: Amount | BW17: Monthly Change | CB17: TikTok | CC17: Metric | CD17: Amount | CE17: Monthly Change | CJ17: TikTok | CK17: Metric | CL17: Amount | CM17: Monthly Change | CR17: TikTok | CS17: Metric | CT17: Amount | CU17: Monthly Change
B18: Views | C18: ='Womens Data'!E16 -> 4 | D18: ='Womens Data'!AB16 -> 0.33333333 | J18: Views | K18: ='Womens Data'!F16 -> 12 | L18: ='Womens Data'!AC16 -> 2 | Q18: Views | R18: ='Womens Data'!G16 -> 5 | S18: ='Womens Data'!AD16 -> -0.58333333 | Y18: Views | Z18: ='Womens Data'!H16 -> 7 | AA18: ='Womens Data'!AE16 -> 0.4 | AG18: Views | AH18: ='Womens Data'!I16 -> 2 | AI18: ='Womens Data'!AF16 -> -0.71428571 | AO18: Views | AP18: ='Womens Data'!J16 -> 5 | AQ18: ='Womens Data'!AG16 -> 1.5 | AW18: Views | AX18: ='Womens Data'!K16 -> 3 | AY18: ='Womens Data'!AH16 -> -0.4 | BF18: Views | BG18: ='Womens Data'!L16 -> 6 | BH18: ='Womens Data'!AI16 -> 1 | BN18: Views | BO18: ='Womens Data'!M16 -> 7 | BP18: ='Womens Data'!AJ16 -> 0.16666667 | BU18: Views | BV18: ='Womens Data'!N16 -> 8 | BW18: ='Womens Data'!AK16 -> 0.14285714 | CC18: Views | CD18: ='Womens Data'!O16 -> 9 | CE18: ='Womens Data'!AL16 -> 0.125 | CK18: Views | CL18: ='Womens Data'!P16 -> 8 | CM18: ='Womens Data'!AM16 -> -0.11111111 | CS18: Views | CT18: ='Womens Data'!Q16 -> 4 | CU18: ='Womens Data'!AN16 -> -0.5
B19: Profile Views | C19: ='Womens Data'!E17 -> 4 | D19: ='Womens Data'!AB17 -> 0.33333333 | J19: Profile Views | K19: ='Womens Data'!F17 -> 12 | L19: ='Womens Data'!AC17 -> 2 | Q19: Profile Views | R19: ='Womens Data'!G17 -> 5 | S19: ='Womens Data'!AD17 -> -0.58333333 | Y19: Profile Views | Z19: ='Womens Data'!H17 -> 7 | AA19: ='Womens Data'!AE17 -> 0.4 | AG19: Profile Views | AH19: ='Womens Data'!I17 -> 2 | AI19: ='Womens Data'!AF17 -> -0.71428571 | AO19: Profile Views | AP19: ='Womens Data'!J17 -> 5 | AQ19: ='Womens Data'!AG17 -> 1.5 | AW19: Profile Views | AX19: ='Womens Data'!K17 -> 3 | AY19: ='Womens Data'!AH17 -> -0.4 | BF19: Profile Views | BG19: ='Womens Data'!L17 -> 6 | BH19: ='Womens Data'!AI17 -> 1 | BN19: Profile Views | BO19: ='Womens Data'!M17 -> 7 | BP19: ='Womens Data'!AJ17 -> 0.16666667 | BU19: Profile Views | BV19: ='Womens Data'!N17 -> 8 | BW19: ='Womens Data'!AK17 -> 0.14285714 | CC19: Profile Views | CD19: ='Womens Data'!O17 -> 9 | CE19: ='Womens Data'!AL17 -> 0.125 | CK19: Profile Views | CL19: ='Womens Data'!P17 -> 8 | CM19: ='Womens Data'!AM17 -> -0.11111111 | CS19: Profile Views | CT19: ='Womens Data'!Q17 -> 4 | CU19: ='Womens Data'!AN17 -> -0.5
B20: Likes | C20: ='Womens Data'!E18 -> 4 | D20: ='Womens Data'!AB18 -> 0.33333333 | J20: Likes | K20: ='Womens Data'!F18 -> 12 | L20: ='Womens Data'!AC18 -> 2 | Q20: Likes | R20: ='Womens Data'!G18 -> 5 | S20: ='Womens Data'!AD18 -> -0.58333333 | Y20: Likes | Z20: ='Womens Data'!H18 -> 7 | AA20: ='Womens Data'!AE18 -> 0.4 | AG20: Likes | AH20: ='Womens Data'!I18 -> 2 | AI20: ='Womens Data'!AF18 -> -0.71428571 | AO20: Likes | AP20: ='Womens Data'!J18 -> 5 | AQ20: ='Womens Data'!AG18 -> 1.5 | AW20: Likes | AX20: ='Womens Data'!K18 -> 3 | AY20: ='Womens Data'!AH18 -> -0.4 | BF20: Likes | BG20: ='Womens Data'!L18 -> 6 | BH20: ='Womens Data'!AI18 -> 1 | BN20: Likes | BO20: ='Womens Data'!M18 -> 7 | BP20: ='Womens Data'!AJ18 -> 0.16666667 | BU20: Likes | BV20: ='Womens Data'!N18 -> 8 | BW20: ='Womens Data'!AK18 -> 0.14285714 | CC20: Likes | CD20: ='Womens Data'!O18 -> 9 | CE20: ='Womens Data'!AL18 -> 0.125 | CK20: Likes | CL20: ='Womens Data'!P18 -> 8 | CM20: ='Womens Data'!AM18 -> -0.11111111 | CS20: Likes | CT20: ='Womens Data'!Q18 -> 4 | CU20: ='Womens Data'!AN18 -> -0.5
B21: Comments | C21: ='Womens Data'!E19 -> 4 | D21: ='Womens Data'!AB19 -> 0.33333333 | J21: Comments | K21: ='Womens Data'!F19 -> 12 | L21: ='Womens Data'!AC19 -> 2 | Q21: Comments | R21: ='Womens Data'!G19 -> 5 | S21: ='Womens Data'!AD19 -> -0.58333333 | Y21: Comments | Z21: ='Womens Data'!H19 -> 7 | AA21: ='Womens Data'!AE19 -> 0.4 | AG21: Comments | AH21: ='Womens Data'!I19 -> 2 | AI21: ='Womens Data'!AF19 -> -0.71428571 | AO21: Comments | AP21: ='Womens Data'!J19 -> 5 | AQ21: ='Womens Data'!AG19 -> 1.5 | AW21: Comments | AX21: ='Womens Data'!K19 -> 3 | AY21: ='Womens Data'!AH19 -> -0.4 | BF21: Comments | BG21: ='Womens Data'!L19 -> 6 | BH21: ='Womens Data'!AI19 -> 1 | BN21: Comments | BO21: ='Womens Data'!M19 -> 7 | BP21: ='Womens Data'!AJ19 -> 0.16666667 | BU21: Comments | BV21: ='Womens Data'!N19 -> 8 | BW21: ='Womens Data'!AK19 -> 0.14285714 | CC21: Comments | CD21: ='Womens Data'!O19 -> 9 | CE21: ='Womens Data'!AL19 -> 0.125 | CK21: Comments | CL21: ='Womens Data'!P19 -> 8 | CM21: ='Womens Data'!AM19 -> -0.11111111 | CS21: Comments | CT21: ='Womens Data'!Q19 -> 4 | CU21: ='Womens Data'!AN19 -> -0.5
B22: Shares | C22: ='Womens Data'!E20 -> 4 | D22: ='Womens Data'!AB20 -> 0.33333333 | J22: Shares | K22: ='Womens Data'!F20 -> 12 | L22: ='Womens Data'!AC20 -> 2 | Q22: Shares | R22: ='Womens Data'!G20 -> 5 | S22: ='Womens Data'!AD20 -> -0.58333333 | Y22: Shares | Z22: ='Womens Data'!H20 -> 7 | AA22: ='Womens Data'!AE20 -> 0.4 | AG22: Shares | AH22: ='Womens Data'!I20 -> 2 | AI22: ='Womens Data'!AF20 -> -0.71428571 | AO22: Shares | AP22: ='Womens Data'!J20 -> 5 | AQ22: ='Womens Data'!AG20 -> 1.5 | AW22: Shares | AX22: ='Womens Data'!K20 -> 3 | AY22: ='Womens Data'!AH20 -> -0.4 | BF22: Shares | BG22: ='Womens Data'!L20 -> 6 | BH22: ='Womens Data'!AI20 -> 1 | BN22: Shares | BO22: ='Womens Data'!M20 -> 7 | BP22: ='Womens Data'!AJ20 -> 0.16666667 | BU22: Shares | BV22: ='Womens Data'!N20 -> 8 | BW22: ='Womens Data'!AK20 -> 0.14285714 | CC22: Shares | CD22: ='Womens Data'!O20 -> 9 | CE22: ='Womens Data'!AL20 -> 0.125 | CK22: Shares | CL22: ='Womens Data'!P20 -> 8 | CM22: ='Womens Data'!AM20 -> -0.11111111 | CS22: Shares | CT22: ='Womens Data'!Q20 -> 4 | CU22: ='Womens Data'!AN20 -> -0.5
B23: New Viewers | C23: ='Womens Data'!E21 -> 4 | D23: ='Womens Data'!AB21 -> 0.33333333 | J23: New Viewers | K23: ='Womens Data'!F21 -> 12 | L23: ='Womens Data'!AC21 -> 2 | Q23: New Viewers | R23: ='Womens Data'!G21 -> 5 | S23: ='Womens Data'!AD21 -> -0.58333333 | Y23: New Viewers | Z23: ='Womens Data'!H21 -> 7 | AA23: ='Womens Data'!AE21 -> 0.4 | AG23: New Viewers | AH23: ='Womens Data'!I21 -> 2 | AI23: ='Womens Data'!AF21 -> -0.71428571 | AO23: New Viewers | AP23: ='Womens Data'!J21 -> 5 | AQ23: ='Womens Data'!AG21 -> 1.5 | AW23: New Viewers | AX23: ='Womens Data'!K21 -> 3 | AY23: ='Womens Data'!AH21 -> -0.4 | BF23: New Viewers | BG23: ='Womens Data'!L21 -> 6 | BH23: ='Womens Data'!AI21 -> 1 | BN23: New Viewers | BO23: ='Womens Data'!M21 -> 7 | BP23: ='Womens Data'!AJ21 -> 0.16666667 | BU23: New Viewers | BV23: ='Womens Data'!N21 -> 8 | BW23: ='Womens Data'!AK21 -> 0.14285714 | CC23: New Viewers | CD23: ='Womens Data'!O21 -> 9 | CE23: ='Womens Data'!AL21 -> 0.125 | CK23: New Viewers | CL23: ='Womens Data'!P21 -> 8 | CM23: ='Womens Data'!AM21 -> -0.11111111 | CS23: New Viewers | CT23: ='Womens Data'!Q21 -> 4 | CU23: ='Womens Data'!AN21 -> -0.5
A26: Instagram | B26: Metric | C26: Amount | D26: Monthly Change | I26: Instagram | J26: Metric | K26: Amount | L26: Monthly Change | P26: Instagram | Q26: Metric | R26: Amount | S26: Monthly Change | X26: Instagram | Y26: Metric | Z26: Amount | AA26: Monthly Change | AF26: Instagram | AG26: Metric | AH26: Amount | AI26: Monthly Change | AN26: Instagram | AO26: Metric | AP26: Amount | AQ26: Monthly Change | AV26: Instagram | AW26: Metric | AX26: Amount | AY26: Monthly Change | BE26: Instagram | BF26: Metric | BG26: Amount | BH26: Monthly Change | BM26: Instagram | BN26: Metric | BO26: Amount | BP26: Monthly Change | BT26: Instagram | BU26: Metric | BV26: Amount | BW26: Monthly Change | CB26: Instagram | CC26: Metric | CD26: Amount | CE26: Monthly Change | CJ26: Instagram | CK26: Metric | CL26: Amount | CM26: Monthly Change | CR26: Instagram | CS26: Metric | CT26: Amount | CU26: Monthly Change
B27: Reel and Post Views | C27: ='Womens Data'!E22 -> 4 | D27: ='Womens Data'!AB22 -> 0.33333333 | J27: Reel and Post Views | K27: ='Womens Data'!F22 -> 12 | L27: ='Womens Data'!AC22 -> 2 | Q27: Reel and Post Views | R27: ='Womens Data'!G22 -> 5 | S27: ='Womens Data'!AD22 -> -0.58333333 | Y27: Reel and Post Views | Z27: ='Womens Data'!H22 -> 7 | AA27: ='Womens Data'!AE22 -> 0.4 | AG27: Reel and Post Views | AH27: ='Womens Data'!I22 -> 2 | AI27: ='Womens Data'!AF22 -> -0.71428571 | AO27: Reel and Post Views | AP27: ='Womens Data'!J22 -> 5 | AQ27: ='Womens Data'!AG22 -> 1.5 | AW27: Reel and Post Views | AX27: ='Womens Data'!K22 -> 3 | AY27: ='Womens Data'!AH22 -> -0.4 | BF27: Reel and Post Views | BG27: ='Womens Data'!L22 -> 6 | BH27: ='Womens Data'!AI22 -> 1 | BN27: Reel and Post Views | BO27: ='Womens Data'!M22 -> 7 | BP27: ='Womens Data'!AJ22 -> 0.16666667 | BU27: Reel and Post Views | BV27: ='Womens Data'!N22 -> 8 | BW27: ='Womens Data'!AK22 -> 0.14285714 | CC27: Reel and Post Views | CD27: ='Womens Data'!O22 -> 9 | CE27: ='Womens Data'!AL22 -> 0.125 | CK27: Reel and Post Views | CL27: ='Womens Data'!P22 -> 8 | CM27: ='Womens Data'!AM22 -> -0.11111111 | CS27: Reel and Post Views | CT27: ='Womens Data'!Q22 -> 4 | CU27: ='Womens Data'!AN22 -> -0.5
B28: Interactions | C28: ='Womens Data'!E23 -> 4 | D28: ='Womens Data'!AB23 -> 0.33333333 | J28: Interactions | K28: ='Womens Data'!F23 -> 12 | L28: ='Womens Data'!AC23 -> 2 | Q28: Interactions | R28: ='Womens Data'!G23 -> 5 | S28: ='Womens Data'!AD23 -> -0.58333333 | Y28: Interactions | Z28: ='Womens Data'!H23 -> 7 | AA28: ='Womens Data'!AE23 -> 0.4 | AG28: Interactions | AH28: ='Womens Data'!I23 -> 2 | AI28: ='Womens Data'!AF23 -> -0.71428571 | AO28: Interactions | AP28: ='Womens Data'!J23 -> 5 | AQ28: ='Womens Data'!AG23 -> 1.5 | AW28: Interactions | AX28: ='Womens Data'!K23 -> 3 | AY28: ='Womens Data'!AH23 -> -0.4 | BF28: Interactions | BG28: ='Womens Data'!L23 -> 6 | BH28: ='Womens Data'!AI23 -> 1 | BN28: Interactions | BO28: ='Womens Data'!M23 -> 7 | BP28: ='Womens Data'!AJ23 -> 0.16666667 | BU28: Interactions | BV28: ='Womens Data'!N23 -> 8 | BW28: ='Womens Data'!AK23 -> 0.14285714 | CC28: Interactions | CD28: ='Womens Data'!O23 -> 9 | CE28: ='Womens Data'!AL23 -> 0.125 | CK28: Interactions | CL28: ='Womens Data'!P23 -> 8 | CM28: ='Womens Data'!AM23 -> -0.11111111 | CS28: Interactions | CT28: ='Womens Data'!Q23 -> 4 | CU28: ='Womens Data'!AN23 -> -0.5
B29: New Followers | C29: ='Womens Data'!E24 -> 4 | D29: ='Womens Data'!AB24 -> 0.33333333 | J29: New Followers | K29: ='Womens Data'!F24 -> 12 | L29: ='Womens Data'!AC24 -> 2 | Q29: New Followers | R29: ='Womens Data'!G24 -> 5 | S29: ='Womens Data'!AD24 -> -0.58333333 | Y29: New Followers | Z29: ='Womens Data'!H24 -> 7 | AA29: ='Womens Data'!AE24 -> 0.4 | AG29: New Followers | AH29: ='Womens Data'!I24 -> 2 | AI29: ='Womens Data'!AF24 -> -0.71428571 | AO29: New Followers | AP29: ='Womens Data'!J24 -> 5 | AQ29: ='Womens Data'!AG24 -> 1.5 | AW29: New Followers | AX29: ='Womens Data'!K24 -> 3 | AY29: ='Womens Data'!AH24 -> -0.4 | BF29: New Followers | BG29: ='Womens Data'!L24 -> 6 | BH29: ='Womens Data'!AI24 -> 1 | BN29: New Followers | BO29: ='Womens Data'!M24 -> 7 | BP29: ='Womens Data'!AJ24 -> 0.16666667 | BU29: New Followers | BV29: ='Womens Data'!N24 -> 8 | BW29: ='Womens Data'!AK24 -> 0.14285714 | CC29: New Followers | CD29: ='Womens Data'!O24 -> 9 | CE29: ='Womens Data'!AL24 -> 0.125 | CK29: New Followers | CL29: ='Womens Data'!P24 -> 8 | CM29: ='Womens Data'!AM24 -> -0.11111111 | CS29: New Followers | CT29: ='Womens Data'!Q24 -> 4 | CU29: ='Womens Data'!AN24 -> -0.5
B30: Profile Visits | C30: ='Womens Data'!E25 -> 4 | D30: ='Womens Data'!AB25 -> 0.33333333 | J30: Profile Visits | K30: ='Womens Data'!F25 -> 12 | L30: ='Womens Data'!AC25 -> 2 | Q30: Profile Visits | R30: ='Womens Data'!G25 -> 5 | S30: ='Womens Data'!AD25 -> -0.58333333 | Y30: Profile Visits | Z30: ='Womens Data'!H25 -> 7 | AA30: ='Womens Data'!AE25 -> 0.4 | AG30: Profile Visits | AH30: ='Womens Data'!I25 -> 2 | AI30: ='Womens Data'!AF25 -> -0.71428571 | AO30: Profile Visits | AP30: ='Womens Data'!J25 -> 5 | AQ30: ='Womens Data'!AG25 -> 1.5 | AW30: Profile Visits | AX30: ='Womens Data'!K25 -> 3 | AY30: ='Womens Data'!AH25 -> -0.4 | BF30: Profile Visits | BG30: ='Womens Data'!L25 -> 6 | BH30: ='Womens Data'!AI25 -> 1 | BN30: Profile Visits | BO30: ='Womens Data'!M25 -> 7 | BP30: ='Womens Data'!AJ25 -> 0.16666667 | BU30: Profile Visits | BV30: ='Womens Data'!N25 -> 8 | BW30: ='Womens Data'!AK25 -> 0.14285714 | CC30: Profile Visits | CD30: ='Womens Data'!O25 -> 9 | CE30: ='Womens Data'!AL25 -> 0.125 | CK30: Profile Visits | CL30: ='Womens Data'!P25 -> 8 | CM30: ='Womens Data'!AM25 -> -0.11111111 | CS30: Profile Visits | CT30: ='Womens Data'!Q25 -> 4 | CU30: ='Womens Data'!AN25 -> -0.5
A33: Threads | B33: Metric | C33: Amount | D33: Monthly Change | I33: Threads | J33: Metric | K33: Amount | L33: Monthly Change | P33: Threads | Q33: Metric | R33: Amount | S33: Monthly Change | X33: Threads | Y33: Metric | Z33: Amount | AA33: Monthly Change | AF33: Threads | AG33: Metric | AH33: Amount | AI33: Monthly Change | AN33: Threads | AO33: Metric | AP33: Amount | AQ33: Monthly Change | AV33: Threads | AW33: Metric | AX33: Amount | AY33: Monthly Change | BE33: Threads | BF33: Metric | BG33: Amount | BH33: Monthly Change | BM33: Threads | BN33: Metric | BO33: Amount | BP33: Monthly Change | BT33: Threads | BU33: Metric | BV33: Amount | BW33: Monthly Change | CB33: Threads | CC33: Metric | CD33: Amount | CE33: Monthly Change | CJ33: Threads | CK33: Metric | CL33: Amount | CM33: Monthly Change | CR33: Threads | CS33: Metric | CT33: Amount | CU33: Monthly Change
B34: Views | C34: ='Womens Data'!E26 -> 4 | D34: ='Womens Data'!AB26 -> 0.33333333 | J34: Views | K34: ='Womens Data'!F26 -> 12 | L34: ='Womens Data'!AC26 -> 2 | Q34: Views | R34: ='Womens Data'!G26 -> 5 | S34: ='Womens Data'!AD26 -> -0.58333333 | Y34: Views | Z34: ='Womens Data'!H26 -> 7 | AA34: ='Womens Data'!AE26 -> 0.4 | AG34: Views | AH34: ='Womens Data'!I26 -> 2 | AI34: ='Womens Data'!AF26 -> -0.71428571 | AO34: Views | AP34: ='Womens Data'!J26 -> 5 | AQ34: ='Womens Data'!AG26 -> 1.5 | AW34: Views | AX34: ='Womens Data'!K26 -> 3 | AY34: ='Womens Data'!AH26 -> -0.4 | BF34: Views | BG34: ='Womens Data'!L26 -> 6 | BH34: ='Womens Data'!AI26 -> 1 | BN34: Views | BO34: ='Womens Data'!M26 -> 7 | BP34: ='Womens Data'!AJ26 -> 0.16666667 | BU34: Views | BV34: ='Womens Data'!N26 -> 8 | BW34: ='Womens Data'!AK26 -> 0.14285714 | CC34: Views | CD34: ='Womens Data'!O26 -> 9 | CE34: ='Womens Data'!AL26 -> 0.125 | CK34: Views | CL34: ='Womens Data'!P26 -> 8 | CM34: ='Womens Data'!AM26 -> -0.11111111 | CS34: Views | CT34: ='Womens Data'!Q26 -> 4 | CU34: ='Womens Data'!AN26 -> -0.5
B35: Interactions | C35: ='Womens Data'!E27 -> 4 | D35: ='Womens Data'!AB27 -> 0.33333333 | J35: Interactions | K35: ='Womens Data'!F27 -> 12 | L35: ='Womens Data'!AC27 -> 2 | Q35: Interactions | R35: ='Womens Data'!G27 -> 5 | S35: ='Womens Data'!AD27 -> -0.58333333 | Y35: Interactions | Z35: ='Womens Data'!H27 -> 7 | AA35: ='Womens Data'!AE27 -> 0.4 | AG35: Interactions | AH35: ='Womens Data'!I27 -> 2 | AI35: ='Womens Data'!AF27 -> -0.71428571 | AO35: Interactions | AP35: ='Womens Data'!J27 -> 5 | AQ35: ='Womens Data'!AG27 -> 1.5 | AW35: Interactions | AX35: ='Womens Data'!K27 -> 3 | AY35: ='Womens Data'!AH27 -> -0.4 | BF35: Interactions | BG35: ='Womens Data'!L27 -> 6 | BH35: ='Womens Data'!AI27 -> 1 | BN35: Interactions | BO35: ='Womens Data'!M27 -> 7 | BP35: ='Womens Data'!AJ27 -> 0.16666667 | BU35: Interactions | BV35: ='Womens Data'!N27 -> 8 | BW35: ='Womens Data'!AK27 -> 0.14285714 | CC35: Interactions | CD35: ='Womens Data'!O27 -> 9 | CE35: ='Womens Data'!AL27 -> 0.125 | CK35: Interactions | CL35: ='Womens Data'!P27 -> 8 | CM35: ='Womens Data'!AM27 -> -0.11111111 | CS35: Interactions | CT35: ='Womens Data'!Q27 -> 4 | CU35: ='Womens Data'!AN27 -> -0.5
A38: Facebook | B38: Metric | C38: Amount | D38: Monthly Change | I38: Facebook | J38: Metric | K38: Amount | L38: Monthly Change | P38: Facebook | Q38: Metric | R38: Amount | S38: Monthly Change | X38: Facebook | Y38: Metric | Z38: Amount | AA38: Monthly Change | AF38: Facebook | AG38: Metric | AH38: Amount | AI38: Monthly Change | AN38: Facebook | AO38: Metric | AP38: Amount | AQ38: Monthly Change | AV38: Facebook | AW38: Metric | AX38: Amount | AY38: Monthly Change | BE38: Facebook | BF38: Metric | BG38: Amount | BH38: Monthly Change | BM38: Facebook | BN38: Metric | BO38: Amount | BP38: Monthly Change | BT38: Facebook | BU38: Metric | BV38: Amount | BW38: Monthly Change | CB38: Facebook | CC38: Metric | CD38: Amount | CE38: Monthly Change | CJ38: Facebook | CK38: Metric | CL38: Amount | CM38: Monthly Change | CR38: Facebook | CS38: Metric | CT38: Amount | CU38: Monthly Change
B39: Views | C39: ='Womens Data'!E28 -> 4 | D39: ='Womens Data'!AB28 -> 0.33333333 | J39: Views | K39: ='Womens Data'!F28 -> 12 | L39: ='Womens Data'!AC28 -> 2 | Q39: Views | R39: ='Womens Data'!G28 -> 5 | S39: ='Womens Data'!AD28 -> -0.58333333 | Y39: Views | Z39: ='Womens Data'!H28 -> 7 | AA39: ='Womens Data'!AE28 -> 0.4 | AG39: Views | AH39: ='Womens Data'!I28 -> 2 | AI39: ='Womens Data'!AF28 -> -0.71428571 | AO39: Views | AP39: ='Womens Data'!J28 -> 5 | AQ39: ='Womens Data'!AG28 -> 1.5 | AW39: Views | AX39: ='Womens Data'!K28 -> 3 | AY39: ='Womens Data'!AH28 -> -0.4 | BF39: Views | BG39: ='Womens Data'!L28 -> 6 | BH39: ='Womens Data'!AI28 -> 1 | BN39: Views | BO39: ='Womens Data'!M28 -> 7 | BP39: ='Womens Data'!AJ28 -> 0.16666667 | BU39: Views | BV39: ='Womens Data'!N28 -> 8 | BW39: ='Womens Data'!AK28 -> 0.14285714 | CC39: Views | CD39: ='Womens Data'!O28 -> 9 | CE39: ='Womens Data'!AL28 -> 0.125 | CK39: Views | CL39: ='Womens Data'!P28 -> 8 | CM39: ='Womens Data'!AM28 -> -0.11111111 | CS39: Views | CT39: ='Womens Data'!Q28 -> 4 | CU39: ='Womens Data'!AN28 -> -0.5
B40: Reach | C40: ='Womens Data'!E29 -> 4 | D40: ='Womens Data'!AB29 -> 0.33333333 | J40: Reach | K40: ='Womens Data'!F29 -> 12 | L40: ='Womens Data'!AC29 -> 2 | Q40: Reach | R40: ='Womens Data'!G29 -> 5 | S40: ='Womens Data'!AD29 -> -0.58333333 | Y40: Reach | Z40: ='Womens Data'!H29 -> 7 | AA40: ='Womens Data'!AE29 -> 0.4 | AG40: Reach | AH40: ='Womens Data'!I29 -> 2 | AI40: ='Womens Data'!AF29 -> -0.71428571 | AO40: Reach | AP40: ='Womens Data'!J29 -> 5 | AQ40: ='Womens Data'!AG29 -> 1.5 | AW40: Reach | AX40: ='Womens Data'!K29 -> 3 | AY40: ='Womens Data'!AH29 -> -0.4 | BF40: Reach | BG40: ='Womens Data'!L29 -> 6 | BH40: ='Womens Data'!AI29 -> 1 | BN40: Reach | BO40: ='Womens Data'!M29 -> 7 | BP40: ='Womens Data'!AJ29 -> 0.16666667 | BU40: Reach | BV40: ='Womens Data'!N29 -> 8 | BW40: ='Womens Data'!AK29 -> 0.14285714 | CC40: Reach | CD40: ='Womens Data'!O29 -> 9 | CE40: ='Womens Data'!AL29 -> 0.125 | CK40: Reach | CL40: ='Womens Data'!P29 -> 8 | CM40: ='Womens Data'!AM29 -> -0.11111111 | CS40: Reach | CT40: ='Womens Data'!Q29 -> 4 | CU40: ='Womens Data'!AN29 -> -0.5
B41: Contect interactions | C41: ='Womens Data'!E30 -> 4 | D41: ='Womens Data'!AB30 -> 0.33333333 | J41: Contect interactions | K41: ='Womens Data'!F30 -> 12 | L41: ='Womens Data'!AC30 -> 2 | Q41: Contect interactions | R41: ='Womens Data'!G30 -> 5 | S41: ='Womens Data'!AD30 -> -0.58333333 | Y41: Contect interactions | Z41: ='Womens Data'!H30 -> 7 | AA41: ='Womens Data'!AE30 -> 0.4 | AG41: Contect interactions | AH41: ='Womens Data'!I30 -> 2 | AI41: ='Womens Data'!AF30 -> -0.71428571 | AO41: Contect interactions | AP41: ='Womens Data'!J30 -> 5 | AQ41: ='Womens Data'!AG30 -> 1.5 | AW41: Contect interactions | AX41: ='Womens Data'!K30 -> 3 | AY41: ='Womens Data'!AH30 -> -0.4 | BF41: Contect interactions | BG41: ='Womens Data'!L30 -> 6 | BH41: ='Womens Data'!AI30 -> 1 | BN41: Contect interactions | BO41: ='Womens Data'!M30 -> 7 | BP41: ='Womens Data'!AJ30 -> 0.16666667 | BU41: Contect interactions | BV41: ='Womens Data'!N30 -> 8 | BW41: ='Womens Data'!AK30 -> 0.14285714 | CC41: Contect interactions | CD41: ='Womens Data'!O30 -> 9 | CE41: ='Womens Data'!AL30 -> 0.125 | CK41: Contect interactions | CL41: ='Womens Data'!P30 -> 8 | CM41: ='Womens Data'!AM30 -> -0.11111111 | CS41: Contect interactions | CT41: ='Womens Data'!Q30 -> 4 | CU41: ='Womens Data'!AN30 -> -0.5
B42: Follows | C42: ='Womens Data'!E31 -> 4 | D42: ='Womens Data'!AB31 -> 0.33333333 | J42: Follows | K42: ='Womens Data'!F31 -> 12 | L42: ='Womens Data'!AC31 -> 2 | Q42: Follows | R42: ='Womens Data'!G31 -> 5 | S42: ='Womens Data'!AD31 -> -0.58333333 | Y42: Follows | Z42: ='Womens Data'!H31 -> 7 | AA42: ='Womens Data'!AE31 -> 0.4 | AG42: Follows | AH42: ='Womens Data'!I31 -> 2 | AI42: ='Womens Data'!AF31 -> -0.71428571 | AO42: Follows | AP42: ='Womens Data'!J31 -> 5 | AQ42: ='Womens Data'!AG31 -> 1.5 | AW42: Follows | AX42: ='Womens Data'!K31 -> 3 | AY42: ='Womens Data'!AH31 -> -0.4 | BF42: Follows | BG42: ='Womens Data'!L31 -> 6 | BH42: ='Womens Data'!AI31 -> 1 | BN42: Follows | BO42: ='Womens Data'!M31 -> 7 | BP42: ='Womens Data'!AJ31 -> 0.16666667 | BU42: Follows | BV42: ='Womens Data'!N31 -> 8 | BW42: ='Womens Data'!AK31 -> 0.14285714 | CC42: Follows | CD42: ='Womens Data'!O31 -> 9 | CE42: ='Womens Data'!AL31 -> 0.125 | CK42: Follows | CL42: ='Womens Data'!P31 -> 8 | CM42: ='Womens Data'!AM31 -> -0.11111111 | CS42: Follows | CT42: ='Womens Data'!Q31 -> 4 | CU42: ='Womens Data'!AN31 -> -0.5
A45: LinkedIn | B45: Metric | C45: Amount | D45: Monthly Change | I45: LinkedIn | J45: Metric | K45: Amount | L45: Monthly Change | P45: LinkedIn | Q45: Metric | R45: Amount | S45: Monthly Change | X45: LinkedIn | Y45: Metric | Z45: Amount | AA45: Monthly Change | AF45: LinkedIn | AG45: Metric | AH45: Amount | AI45: Monthly Change | AN45: LinkedIn | AO45: Metric | AP45: Amount | AQ45: Monthly Change | AV45: LinkedIn | AW45: Metric | AX45: Amount | AY45: Monthly Change | BE45: LinkedIn | BF45: Metric | BG45: Amount | BH45: Monthly Change | BM45: LinkedIn | BN45: Metric | BO45: Amount | BP45: Monthly Change | BT45: LinkedIn | BU45: Metric | BV45: Amount | BW45: Monthly Change | CB45: LinkedIn | CC45: Metric | CD45: Amount | CE45: Monthly Change | CJ45: LinkedIn | CK45: Metric | CL45: Amount | CM45: Monthly Change | CR45: LinkedIn | CS45: Metric | CT45: Amount | CU45: Monthly Change
B46: Impressions | C46: ='Womens Data'!E32 -> 4 | D46: ='Womens Data'!AB32 -> 0.33333333 | J46: Impressions | K46: ='Womens Data'!F32 -> 12 | L46: ='Womens Data'!AC32 -> 2 | Q46: Impressions | R46: ='Womens Data'!G32 -> 5 | S46: ='Womens Data'!AD32 -> -0.58333333 | Y46: Impressions | Z46: ='Womens Data'!H32 -> 7 | AA46: ='Womens Data'!AE32 -> 0.4 | AG46: Impressions | AH46: ='Womens Data'!I32 -> 2 | AI46: ='Womens Data'!AF32 -> -0.71428571 | AO46: Impressions | AP46: ='Womens Data'!J32 -> 5 | AQ46: ='Womens Data'!AG32 -> 1.5 | AW46: Impressions | AX46: ='Womens Data'!K32 -> 3 | AY46: ='Womens Data'!AH32 -> -0.4 | BF46: Impressions | BG46: ='Womens Data'!L32 -> 6 | BH46: ='Womens Data'!AI32 -> 1 | BN46: Impressions | BO46: ='Womens Data'!M32 -> 7 | BP46: ='Womens Data'!AJ32 -> 0.16666667 | BU46: Impressions | BV46: ='Womens Data'!N32 -> 8 | BW46: ='Womens Data'!AK32 -> 0.14285714 | CC46: Impressions | CD46: ='Womens Data'!O32 -> 9 | CE46: ='Womens Data'!AL32 -> 0.125 | CK46: Impressions | CL46: ='Womens Data'!P32 -> 8 | CM46: ='Womens Data'!AM32 -> -0.11111111 | CS46: Impressions | CT46: ='Womens Data'!Q32 -> 4 | CU46: ='Womens Data'!AN32 -> -0.5
B47: Reactions | C47: ='Womens Data'!E33 -> 4 | D47: ='Womens Data'!AB33 -> 0.33333333 | J47: Reactions | K47: ='Womens Data'!F33 -> 12 | L47: ='Womens Data'!AC33 -> 2 | Q47: Reactions | R47: ='Womens Data'!G33 -> 5 | S47: ='Womens Data'!AD33 -> -0.58333333 | Y47: Reactions | Z47: ='Womens Data'!H33 -> 7 | AA47: ='Womens Data'!AE33 -> 0.4 | AG47: Reactions | AH47: ='Womens Data'!I33 -> 2 | AI47: ='Womens Data'!AF33 -> -0.71428571 | AO47: Reactions | AP47: ='Womens Data'!J33 -> 5 | AQ47: ='Womens Data'!AG33 -> 1.5 | AW47: Reactions | AX47: ='Womens Data'!K33 -> 3 | AY47: ='Womens Data'!AH33 -> -0.4 | BF47: Reactions | BG47: ='Womens Data'!L33 -> 6 | BH47: ='Womens Data'!AI33 -> 1 | BN47: Reactions | BO47: ='Womens Data'!M33 -> 7 | BP47: ='Womens Data'!AJ33 -> 0.16666667 | BU47: Reactions | BV47: ='Womens Data'!N33 -> 8 | BW47: ='Womens Data'!AK33 -> 0.14285714 | CC47: Reactions | CD47: ='Womens Data'!O33 -> 9 | CE47: ='Womens Data'!AL33 -> 0.125 | CK47: Reactions | CL47: ='Womens Data'!P33 -> 8 | CM47: ='Womens Data'!AM33 -> -0.11111111 | CS47: Reactions | CT47: ='Womens Data'!Q33 -> 4 | CU47: ='Womens Data'!AN33 -> -0.5
B48: Comments | C48: ='Womens Data'!E34 -> 4 | D48: ='Womens Data'!AB34 -> 0.33333333 | J48: Comments | K48: ='Womens Data'!F34 -> 12 | L48: ='Womens Data'!AC34 -> 2 | Q48: Comments | R48: ='Womens Data'!G34 -> 5 | S48: ='Womens Data'!AD34 -> -0.58333333 | Y48: Comments | Z48: ='Womens Data'!H34 -> 7 | AA48: ='Womens Data'!AE34 -> 0.4 | AG48: Comments | AH48: ='Womens Data'!I34 -> 2 | AI48: ='Womens Data'!AF34 -> -0.71428571 | AO48: Comments | AP48: ='Womens Data'!J34 -> 5 | AQ48: ='Womens Data'!AG34 -> 1.5 | AW48: Comments | AX48: ='Womens Data'!K34 -> 3 | AY48: ='Womens Data'!AH34 -> -0.4 | BF48: Comments | BG48: ='Womens Data'!L34 -> 6 | BH48: ='Womens Data'!AI34 -> 1 | BN48: Comments | BO48: ='Womens Data'!M34 -> 7 | BP48: ='Womens Data'!AJ34 -> 0.16666667 | BU48: Comments | BV48: ='Womens Data'!N34 -> 8 | BW48: ='Womens Data'!AK34 -> 0.14285714 | CC48: Comments | CD48: ='Womens Data'!O34 -> 9 | CE48: ='Womens Data'!AL34 -> 0.125 | CK48: Comments | CL48: ='Womens Data'!P34 -> 8 | CM48: ='Womens Data'!AM34 -> -0.11111111 | CS48: Comments | CT48: ='Womens Data'!Q34 -> 4 | CU48: ='Womens Data'!AN34 -> -0.5
AF68: $

Sheet Womens Dynamic Graphs
A1: Metric | B1: X - Followers
A3: Row Labels | B3: Max. of Value
A4: May-26 | B4: 3
A5: Jun-26 | B5: 4
A6: Jul-26 | B6: 12
A7: Aug-26 | B7: 5
A8: Sep-26 | B8: 7
A9: Oct-26 | B9: 2
A10: Nov-26 | B10: 5
A11: Dec-26 | B11: 3
A12: Jan-27 | B12: 6
A13: Feb-27 | B13: 7
A14: Mar-27 | B14: 8
A15: Apr-27 | B15: 9
... A18: Grand Total | B18: 12
A23: Metric | B23: Month | C23: Value
A24: X - Followers | B24: May-26 | C24: 3
A25: X - Followers | B25: Jun-26 | C25: 4
A26: X - Followers | B26: Jul-26 | C26: 12
A27: X - Followers | B27: Aug-26 | C27: 5
A28: X - Followers | B28: Sep-26 | C28: 7
A29: X - Followers | B29: Oct-26 | C29: 2
A30: X - Followers | B30: Nov-26 | C30: 5
A31: X - Followers | B31: Dec-26 | C31: 3
A32: X - Followers | B32: Jan-27 | C32: 6
A33: X - Followers | B33: Feb-27 | C33: 7
A34: X - Followers | B34: Mar-27 | C34: 8
A35: X - Followers | B35: Apr-27 | C35: 9
... A443: LINKEDIN - Comments | B443: Jun-27 | C443: 4
